block,timestamp,previousVariableBorrowIndex,variableBorrowIndex,percent_deltaIndex,currentVariableBorrowRate,utilization
24462297,1771159619,1218059052067780252708462969,1218059417781226914632210871,0.000000008340077468144752286715,37573240932568323537244611,0.691375198125730561216073510877
24462306,1771159727,1218059417781226914632210871,1218059574515620472808369124,0.000000001191439730824978667720,37573263085172472726084896,0.691375611916233645537488428090
24462315,1771159835,1218059574515620472808369124,1218059731250126607061811342,0.000000001191440433966227459122,37573314842215517678096480,0.691376570471888274305172217282
24462317,1771159859,1218059731250126607061811342,1218059766080067576029537771,0.000000001191442019117990419129,37573882665111475316773579,0.691387020613449476691414474772
24462322,1771159919,1218059766080067576029537771,1218059853156240265680447186,0.000000001191460045439166971399,37574367809435003014120448,0.691395951398192876169446208223
24462341,1771160147,1218059853156240265680447186,1218060184050025618138772780,0.000000001191475548827213952275,37574383567940996153399804,0.691396254362518281055827173986
24462345,1771160195,1218060184050025618138772780,1218060253711915835922253937,0.000000001191475922553604909846,37574336382316863929740160,0.691395388811329336675726153771
24462350,1771160255,1218060253711915835922253937,1218060340789174859584431467,0.000000001191474433929566072069,37574343152883981800728018,0.691395516816718069819103220652
24462358,1771160351,1218060340789174859584431467,1218060480112827350386793527,0.000000001191474673552702206545,37574085982342507663072966,0.691390789968042818181004349753
24462360,1771160375,1218060480112827350386793527,1218060514943504569426518168,0.000000001191466471780107788201,37574086313953709229068807,0.691390797436951420884554408985
24462361,1771160387,1218060514943504569426518168,1218060532358843706142222027,0.000000001191466462528249387522,37574086479759309405253210,0.691390801171405500191724513570
24462362,1771160399,1218060532358843706142222027,1218060549774183168705232237,0.000000001191466481031966395676,37574183193680249324268548,0.691392581533078143252168956678
24462364,1771160423,1218060549774183168705232237,1218060584604952493346699970,0.000000001191469552649001123011,37574144932442967650753567,0.691391878816337124291635518603
24462365,1771160435,1218060584604952493346699970,1218060602020319795335459914,0.000000001191468331403674035339,37574145098248496892620048,0.691391882550793424044854873500
24462371,1771160507,1218060602020319795335459914,1218060706512529297331133140,0.000000001191468377662966865917,37573538164379077678099036,0.691380718175742092768132351921
24462377,1771160579,1218060706512529297331133140,1218060811003059903994384825,0.000000001191449130713253758447,37573539159216192908135093,0.691380740582353325862641213462
24462378,1771160591,1218060811003059903994384825,1218060828418149671004804673,0.000000001191449124545348020131,37573539325022363974608180,0.691380744316788420356090227870
24462379,1771160603,1218060828418149671004804673,1218060845833239763855622913,0.000000001191449124545348020131,37573539490828531763244082,0.691380748051223514849539242277
24462380,1771160615,1218060845833239763855622913,1218060863248330182546844881,0.000000001191449124545348020131,37573539656634704894326326,0.691380751785658720365290719201
24462385,1771160675,1218060863248330182546844881,1218060950323786395108432307,0.000000001191449168954269046496,37520483700837665205235604,0.690404447651726038692743259162
24462389,1771160723,1218060950323786395108432307,1218061019885791476159407855,0.000000001189766766588699504116,37520139142193488511422446,0.690398109988530239711224112398
24462391,1771160747,1218061019885791476159407855,1218061054666476104991269506,0.000000001189755821640048338850,37520129849360673777725674,0.690397940347653782389159005106
24462396,1771160807,1218061054666476104991269506,1218061141618170486183822822,0.000000001189755557036894191666,37520130678668493886634774,0.690397959010372042065739606187
24462398,1771160831,1218061141618170486183822822,1218061176398850745399742571,0.000000001189755553336150790035,37520131010391613991685161,0.690397966475459257118529876607
24462402,1771160879,1218061176398850745399742571,1218061245960214858234361668,0.000000001189755585717655606004,37520141298393698092878461,0.690398158511599469022712582955
24462415,1771161035,1218061245960214858234361668,1218061472034737649742043891,0.000000001189755986038457674961,37520143406458625678210254,0.690398206148915782875974400667
24462423,1771161131,1218061472034737649742043891,1218061611157549578446236142,0.000000001189756011303148447912,37520144733351096590563954,0.690398236009270527269165995676
24462429,1771161203,1218061611157549578446236142,1218061715499672642911616879,0.000000001189756034432794656406,37520153911531449518669717,0.690398408983967981633611543657
24462430,1771161215,1218061715499672642911616879,1218061732890031610010635859,0.000000001189756274981116796387,37520984530568709999945888,0.690413694275766598451582467533
24462436,1771161287,1218061732890031610010635859,1218061837234500547449372378,0.000000001189782664365621521167,37520985525732933943869411,0.690413716671212762676645979809
24462442,1771161359,1218061837234500547449372378,1218061941578981191004637097,0.000000001189782698289102875113,37521000962151738950711473,0.690414004806980119433035270049
24462449,1771161443,1218061941578981191004637097,1218062063314269988691821889,0.000000001189783195246075753327,37521030252599735159754968,0.690414548557763851910351604602
24462452,1771161479,1218062063314269988691821889,1218062115486581068529952568,0.000000001189784092235789188080,37521006671767988545695726,0.690414116677262823529304114345
24462454,1771161503,1218062115486581068529952568,1218062150268101170751154420,0.000000001189783336667342034578,37520714939759114366976595,0.690408749740165972319516640709
24462467,1771161659,1218062150268101170751154420,1218062376346248235264215394,0.000000001189774176615707286619,37520717095951798335352688,0.690408798263512424320254012855
24462469,1771161683,1218062376346248235264215394,1218062411127507352934868539,0.000000001189774149571813261407,37520717427673742831117476,0.690408805728642049892584964255
24462488,1771161911,1218062411127507352934868539,1218062741549521426148914266,0.000000001189774306366468420997,37520720522952860673028603,0.690408875615443728968045888905
24462492,1771161959,1218062741549521426148914266,1218062811112067864687383381,0.000000001189774279097832732077,37520721138211846785529437,0.690408889659030577945486584213
24462493,1771161971,1218062811112067864687383381,1218062828502705380218942837,0.000000001189774279097832732077,37520707359088193943230554,0.690408636793612862092572868278
24462505,1771162115,1218062828502705380218942837,1218063037190298294767702160,0.000000001189773927527208336376,37520709349419970987893859,0.690408681584392280861095514410
24462507,1771162139,1218063037190298294767702160,1218063071971569101615407126,0.000000001189773909023491121427,37520709681141916126673472,0.690408689049521573366519078263
24462512,1771162199,1218063071971569101615407126,1218063158924751232585055577,0.000000001189773942330181942899,37520717565752030069651375,0.690408837540353870210196873813
24462513,1771162211,1218063158924751232585055577,1218063176315392058124622085,0.000000001189774149571813261407,37520724700095900678795700,0.690408969503269132061973323289
24462515,1771162235,1218063176315392058124622085,1218063211096681067533891935,0.000000001189774390120135194593,37521003931554262288886443,0.690414108928977254819869813218
24462516,1771162247,1218063211096681067533891935,1218063228487455366886949131,0.000000001189783234896897972742,37521005491913611990843941,0.690414138321355563832071311481
24462517,1771162259,1218063228487455366886949131,1218063245878230637752825867,0.000000001189783290408049203999,37521011235768917349393235,0.690414244693140388697827347642
24462521,1771162307,1218063245878230637752825867,1218063315441344853146177125,0.000000001189783493948937120877,37521011899211631563267153,0.690414259623442716495844706515
24462529,1771162403,1218063315441344853146177125,1218063454567587662115819719,0.000000001189783549460088352134,37521022916906800173288347,0.690414467809229326356046385627
24462530,1771162415,1218063454567587662115819719,1218063471958374237206067713,0.000000001189783845519561516578,37521023065241632501969158,0.690414471219317094075051954860
24462534,1771162463,1218063471958374237206067713,1218063541521523295529830164,0.000000001189783868649207931867,37521024161918886552705176,0.690414494121777022606067930610
24462535,1771162475,1218063541521523295529830164,1218063558912311689152988253,0.000000001189783882526995739681,37521004101481116337061234,0.690414125675556600292281927977
24462537,1771162499,1218063558912311689152988253,1218063593693870625479500363,0.000000001189783253400615187691,37521004572652369780854629,0.690414135706687859261876383243
24462539,1771162523,1218063593693870625479500363,1218063628475430991757002383,0.000000001189783262652473588371,37521028972966254024262643,0.690414586069418412250797700835
24462548,1771162631,1218063628475430991757002383,1218063784992566715335696063,0.000000001189784100459663505835,37521030465712174997865029,0.690414619662607087491323909489
24462550,1771162655,1218063784992566715335696063,1218063819774156546695911319,0.000000001189784086067883656558,37521086577412373642277036,0.690415653520491723327268118737
24462551,1771162667,1218063819774156546695911319,1218063837164977842289900951,0.000000001189785862424723056809,37520415276798987934379166,0.690403301279905234899558763573
24462558,1771162751,1218063837164977842289900951,1218063958898555854009360807,0.000000001189764622800906696322,37520410653505550288376278,0.690403220967723996182030532509
24462566,1771162847,1218063958898555854009360807,1218064098022642764526585923,0.000000001189764486005569615411,37520346213685752315157358,0.690402040623688928455692348507
24462575,1771162955,1218064098022642764526585923,1218064254536990725165675231,0.000000001189762449054714735844,37520236538308763391316767,0.690400028589935099709862242889
24462577,1771162979,1218064254536990725165675231,1218064289317858001862635534,0.000000001189758911760800281134,37520225555484323191007475,0.690399827859013104358609780320
24462579,1771163003,1218064289317858001862635534,1218064324098716090735971342,0.000000001189758560190175678637,37520225887207260951302275,0.690399835324108424039479814383
24462581,1771163027,1218064324098716090735971342,1218064358879575480252797750,0.000000001189758578693892893587,37520181742128447351600886,0.690399024350424883600396697148
24462589,1771163123,1218064358879575480252797750,1218064498002859281580765366,0.000000001189757225609581631677,37519976722257224853987367,0.690395257125821948385180348851
24462593,1771163171,1218064498002859281580765366,1218064567564127038420602930,0.000000001189750691484488647841,37520020245258903677614711,0.690396060735043448630676721223
24462596,1771163207,1218064567564127038420602930,1218064619735140981077361945,0.000000001189752062301528752313,37520004827047469973334593,0.690395779058517011783635553002
24462598,1771163231,1218064619735140981077361945,1218064654515803891734551907,0.000000001189751565785120540151,37549086955700829204534711,0.690930934532188678609543330822
24462599,1771163243,1218064654515803891734551907,1218064671919615138625046272,0.000000001190673744784949810803,37548887845020203153621733,0.690927271283542254742826571601
24462601,1771163267,1218064671919615138625046272,1218064706727053804820830636,0.000000001190667444269285063039,37548888176684280060367100,0.690927278750676610030723168165
24462606,1771163327,1218064706727053804820830636,1218064793745655590562326224,0.000000001190667475725604080299,37548840791101064263032938,0.690926410195994322727131020656
24462608,1771163351,1218064793745655590562326224,1218064828553054119549926593,0.000000001190665945468201819078,37549467886340680488532035,0.690937951039043096734815208038
24462619,1771163483,1218064828553054119549926593,1218065019996961019460599729,0.000000001190685910137849989717,37549474714701801040019915,0.690938084193470358762567684607
24462620,1771163495,1218065019996961019460599729,1218065037400957212761242109,0.000000001190686049756806141886,37549580654479190089979150,0.690940034335353003847046693409
24462621,1771163507,1218065037400957212761242109,1218065054805002757299202252,0.000000001190689398929597025510,37549580820310504911754903,0.690940038068944550886385513877
24462625,1771163555,1218065054805002757299202252,1218065124421187729636592082,0.000000001190689431311102048274,37549578471903632479150218,0.690939997582988296720429843845
24462626,1771163567,1218065124421187729636592082,1218065141825233505930252980,0.000000001190689324914728786098,37549561793332600126445038,0.690939691367126296306366839417
24462628,1771163591,1218065141825233505930252980,1218065176633310343666216380,0.000000001190688806810650696623,37549544568857965947484523,0.690939375788405030220928892959
24462638,1771163711,1218065176633310343666216380,1218065350673629618147275211,0.000000001190688333115493426719,37549545989892913096042071,0.690939408758035500390803917981
24462641,1771163747,1218065350673629618147275211,1218065402885732225550084593,0.000000001190688319546100885140,37549579270491999295297227,0.690940023216421339569137671788
24462642,1771163759,1218065402885732225550084593,1218065420289782350762776906,0.000000001190689361922163009201,37549583775267957774832373,0.690940106793011432628759393992
24462655,1771163915,1218065420289782350762776906,1218065646542483751097750746,0.000000001190689601047122175142,37549586628855249832229343,0.690940168169383750473855343444
24462660,1771163975,1218065646542483751097750746,1218065733562771323904955125,0.000000001190689624674945352172,37550061951523905797904951,0.690948918230143815932819961745
24462666,1771164047,1218065733562771323904955125,1218065837988446476657769061,0.000000001190704704587572713674,37550062946508807222388701,0.690948940631798014244679961848
24462667,1771164059,1218065837988446476657769061,1218065855392727000335119798,0.000000001190704701503619844516,37550738088718564641839057,0.690961364929631671749632459978
24462680,1771164215,1218065855392727000335119798,1218066081652464467630112329,0.000000001190726204246226323489,37550682364286677284768073,0.690960348385073253041355201276
24462681,1771164227,1218066081652464467630112329,1218066099057035570225140161,0.000000001190724333947438701632,37550671123914525445987582,0.690960142227696194616726188542
24462682,1771164239,1218066099057035570225140161,1218066116461601711647059643,0.000000001190723982376814099136,37550661660590249225391585,0.690959968770629817669259864488
24462685,1771164275,1218066116461601711647059643,1218066168675288469418704141,0.000000001190723698653152411326,37550724960093840141562767,0.690961135575048013279797487485
24462689,1771164323,1218066168675288469418704141,1218066238293658317563521618,0.000000001190725712474360875603,37551448915932719071448865,0.690974460162864123624615331209
24462694,1771164383,1218066238293658317563521618,1218066325318303974826438566,0.000000001190748677437625205607,37551452609543251448531743,0.690974531541528103062432819570
24462700,1771164455,1218066325318303974826438566,1218066429747897242434242539,0.000000001190748802029320209701,37551459776066004685316288,0.690974667509074658156009718368
24462707,1771164539,1218066429747897242434242539,1218066551582457288671192586,0.000000001190749039053124607677,37551460936871553990575893,0.690974693644685555860007752926
24462712,1771164599,1218066551582457288671192586,1218066638607153187093375714,0.000000001190749058614197021151,37551471409063232320338647,0.690974889759290555879545081552
24462719,1771164683,1218066638607153187093375714,1218066760441771866954038081,0.000000001190749406484078015221,37551851941753763498707243,0.690981896899731218297802115558
24462722,1771164719,1218066760441771866954038081,1218066812657141300370671849,0.000000001190761440068083928332,37551830870585367266085588,0.690981511257242053680727167375
24462723,1771164731,1218066812657141300370671849,1218066830062255175854274337,0.000000001190760749262646406767,37551830940204529861705464,0.690981513220581877732229258982
24462731,1771164827,1218066830062255175854274337,1218066969303175391209967524,0.000000001190760816338620742272,37552355014005424647328461,0.690991162412697090822177869995
24462733,1771164851,1218066969303175391209967524,1218067004113893744116142485,0.000000001190777384104298569166,37552737052867493557142438,0.690998193858464060390645045118
24462738,1771164911,1218067004113893744116142485,1218067091141579345955938366,0.000000001190789522542701206476,37552737891735509554686010,0.690998212705990155768631666433
24462740,1771164947,1218067091141579345955938366,1218067143358194858087066322,0.000000001190789534878512683109,37552738389219599540166911,0.690998223907101749574621862848
24462744,1771164995,1218067143358194858087066322,1218067212980353278613208765,0.000000001190789554924206022444,37552740970105430362638817,0.690998274128116762859974642197
24462747,1771165031,1218067212980353278613208765,1218067265196978294216107630,0.000000001190789627397097930675,37552751586244701070924749,0.690998471519986057209905538912
24462748,1771165043,1218067265196978294216107630,1218067282602525384053118234,0.000000001190789948128194048384,37552751752072714522705924,0.690998475253690402908546275285
24462756,1771165139,1218067282602525384053118234,1218067421846911671417870632,0.000000001190790015204168383889,37552762708918330031596574,0.690998682333685554368685188820
24462762,1771165211,1218067421846911671417870632,1218067526280242303748946070,0.000000001190790345958111067868,37552773347608231770016364,0.690998882194702734871327720612
24462770,1771165307,1218067526280242303748946070,1218067665524736522903248804,0.000000001190790699841700167137,37552792213050360116445932,0.690999234804622552985620131949
24462771,1771165319,1218067665524736522903248804,1218067682930308163580441761,0.000000001190791243388389375468,37552792191302056653974363,0.690999235086646512726815672067
24462775,1771165367,1218067682930308163580441761,1218067752552597173136497966,0.000000001190791261892106383622,37552798439729013830294817,0.690999352798463806202278192359
24462779,1771165415,1218067752552597173136497966,1218067822174901746648781760,0.000000001190791460807065100160,37552799098156035598516155,0.690999367643403306082916515152
24462792,1771165571,1218067822174901746648781760,1218068048447423061106064779,0.000000001190791557951579754861,37553008989265785193286129,0.691003238820343312909244559705
24462802,1771165691,1218068048447423061106064779,1218068222504210127550041181,0.000000001190798187833408488540,37551614500663769471492492,0.690977586018367007092422227288
24462809,1771165775,1218068222504210127550041181,1218068344339451490484846665,0.000000001190753945181538376421,37551615661468191598655597,0.690977612154018872026028930122
24462812,1771165811,1218068344339451490484846665,1218068396554560276348794239,0.000000001190753946062667708525,37551899888706637573981886,0.690982844403835949620429346396
24462816,1771165859,1218068396554560276348794239,1218068466175235759162447250,0.000000001190762969708695657080,37552093425573625637428275,0.690986408498373894104815917672
24462822,1771165931,1218068466175235759162447250,1218068570606794666398568853,0.000000001190769122194623719224,37552669931880512090943238,0.690997021044788883870069184923
24462823,1771165943,1218068570606794666398568853,1218068588012322563356892243,0.000000001190787357607803187420,37553085093871184184877034,0.691004661324434943381334051082
24462826,1771165979,1218068588012322563356892243,1218068640229485024836386166,0.000000001190800544590173480313,37553062399745441895715785,0.691004245765525215716706952662
24462833,1771166063,1218068640229485024836386166,1218068762069465842987705454,0.000000001190799855546994622955,37553057748684443546443762,0.691004164954769573014914385567
24462837,1771166111,1218068762069465842987705454,1218068831692308873639961339,0.000000001190799685709305726998,37553108216051690345979967,0.691005096358289105928918161226
24462846,1771166219,1218068831692308873639961339,1218068988343930765826671845,0.000000001190801325858227876800,37553495032258983750645901,0.691012220491700857039063521370
24462848,1771166243,1218068988343930765826671845,1218069023155763609339246244,0.000000001190813531115608725486,37553498711871996923590924,0.691012289545827163017577277060
24462853,1771166303,1218069023155763609339246244,1218069110185358598273840027,0.000000001190813673594230205261,37553499541008161719607517,0.691012308214483339519063065381
24462854,1771166315,1218069110185358598273840027,1218069127591278726541986936,0.000000001190813669893486803630,37553503894077199641563833,0.691012388996576354394107966073
24462856,1771166339,1218069127591278726541986936,1218069162403123764523477788,0.000000001190813817923223489250,37552726639103263779557295,0.690998087713890152272711020487
24462859,1771166375,1218069162403123764523477788,1218069214619812421698701578,0.000000001190789177139982342296,37551330798692483680149701,0.690972405259589916859397362714
24462866,1771166459,1218069214619812421698701578,1218069336454232554842068623,0.000000001190744947088262506441,37551603449596508176939786,0.690977427211743266965982002148
24462870,1771166507,1218069336454232554842068623,1218069406074412164913856914,0.000000001190753569820420359558,37551615637228924618427413,0.690977654210947811463938705856
24462872,1771166531,1218069406074412164913856914,1218069440884514760014190300,0.000000001190753939894761970208,37553367366110268826208300,0.691009889992387327239953265234
24462877,1771166591,1218069440884514760014190300,1218069527913835203489684040,0.000000001190809510257887860924,37553368189732617054570732,0.691009908559549135276256492944
24462888,1771166723,1218069527913835203489684040,1218069719378366266130713408,0.000000001190809587300637084106,37553401109980425019523803,0.691010521845919489791754131147
24462890,1771166747,1218069719378366266130713408,1218069754190132936897227876,0.000000001190810552017159245717,37553402406104756275038440,0.691010547061051916273299866589
24462893,1771166783,1218069754190132936897227876,1218069806407786610735630634,0.000000001190810604444357607817,37553403385819740200906118,0.691010567136039810520742321387
24462896,1771166819,1218069806407786610735630634,1218069858625443885386699045,0.000000001190810635283886092604,37553335678522941170776793,0.691009323267776975896481417294
24462897,1771166831,1218069858625443885386699045,1218069876031298758931688168,0.000000001190808470348988073549,37553335844350344540083405,0.691009327001502526854892494157
24462900,1771166867,1218069876031298758931688168,1218069928248865102494985214,0.000000001190808495020610820020,37553336481411766723278438,0.691009340771040148077020148776
24462904,1771166915,1218069928248865102494985214,1218069997872291557159653144,0.000000001190808521234210104467,37553317855408977573913968,0.691009000753878166456445342192
24462911,1771166999,1218069997872291557159653144,1218070119713236997041455916,0.000000001190807957531686390287,37553323063994606077114728,0.691009101372370149185542231862
24462913,1771167023,1218070119713236997041455916,1218070154524942760996849506,0.000000001190808081770929454744,37553325476000973970705853,0.691009147121386058110203975957
24462923,1771167143,1218070154524942760996849506,1218070328583497683815268993,0.000000001190808224249550934519,37553326978855908478260463,0.691009181598695731985060319857
24462928,1771167215,1218070328583497683815268993,1218070433018646755692363481,0.000000001190808239052524747838,37553680971495169709667210,0.691015699684094264476641455985
24462930,1771167239,1218070433018646755692363481,1218070467830693251927886516,0.000000001190819424549497846290,37553572551748087970639816,0.691013705963782309815712778800
24462933,1771167275,1218070467830693251927886516,1218070520048614105017392348,0.000000001190816001361838516459,37553583764580086273284632,0.691013914343397539497004800069
24462939,1771167347,1218070520048614105017392348,1218070624484493709542519037,0.000000001190816380688038527789,37553612247192857475625722,0.691014442559519603825890499138
24462943,1771167395,1218070624484493709542519037,1218070694108471226898150696,0.000000001190817268866458227914,37553612922074769054447917,0.691014457707429863297932115529
24462953,1771167515,1218070694108471226898150696,1218070868168435559328338582,0.000000001190817339180583272491,37553603757646063925544384,0.691014295890978291758699469938
24462959,1771167587,1218070868168435559328338582,1218070972604400611617749003,0.000000001190817015982324818096,37553797649397177343376629,0.691017867881856262535222867882
24462962,1771167623,1218070972604400611617749003,1218071024822656100529811103,0.000000001190823137628724602248,37553798175833675693163124,0.691017879615911101431890983804
24462964,1771167647,1218071024822656100529811103,1218071059634828158129169715,0.000000001190823143796630340565,37554079064794011983829098,0.691023049546976797508079926047
24462966,1771167671,1218071059634828158129169715,1218071094447261593241950805,0.000000001190832053336402957446,37554175843890888473790093,0.691024831791247295953439788718
24462974,1771167767,1218071094447261593241950805,1218071233697364137973935778,0.000000001190835171212730308564,37553758301597648450268323,0.691017154161108093646248562436
24462975,1771167779,1218071233697364137973935778,1218071251103434545596217953,0.000000001190821867040152021635,37553663104938076672209932,0.691015403153989016260538846836
24462977,1771167803,1218071251103434545596217953,1218071285915487860214841528,0.000000001190818860186126926237,37553663436592281341671270,0.691015410621465209217717529100
24462986,1771167911,1218071285915487860214841528,1218071442569741471577492568,0.000000001190818933173010875930,37553664186327357141157884,0.691015430558159726714961834659
24462987,1771167923,1218071442569741471577492568,1218071459975771241763755170,0.000000001190818887941702541866,37553663388018240518200837,0.691015416550353145375140684337
24462990,1771167959,1218071459975771241763755170,1218071512193860934654532160,0.000000001190818881773796803550,37553648145068438613792247,0.691015138104152382148015476560
24462994,1771168007,1218071512193860934654532160,1218071581817955747103635270,0.000000001190818406845058468700,37553491221275039862856422,0.691012253318868618912063084281
24462998,1771168055,1218071581817955747103635270,1218071651441763604019493304,0.000000001190813429345164870445,37553459735220347425631893,0.691011676657530271583596004348
24462999,1771168067,1218071651441763604019493304,1218071668847701596355192751,0.000000001190812411640725492855,37553602273540522475421012,0.691014300151352234280466291239
24463000,1771168079,1218071668847701596355192751,1218071686253705903586328884,0.000000001190816926547692439688,37553281364118007378522412,0.691008395621373616712901366554
24463002,1771168103,1218071686253705903586328884,1218071721065417782732518153,0.000000001190806758755158512031,37553281695772941765510628,0.691008403088821610005254569842
24463006,1771168151,1218071721065417782732518153,1218071790688845140599604404,0.000000001190806786510734127660,37553259524570540211896315,0.691007997851653121834658577427
24463008,1771168175,1218071790688845140599604404,1218071825500539759277584139,0.000000001190806064865768121308,37553274323244726187088480,0.691008271533845364054116089392
24463009,1771168187,1218071825500539759277584139,1218071842906394300853179600,0.000000001190806527458694979525,37553271786161527523984005,0.691008225529978536982866899052
24463020,1771168319,1218071842906394300853179600,1218072034370797738718271055,0.000000001190806530823007275623,37524361842720040381988399,0.690476246930684323110938294121
24463022,1771168343,1218072034370797738718271055,1218072069155711301023274617,0.000000001189889723788676740203,37524529541114748111239933,0.690479334067836569843734650931
24463027,1771168403,1218072069155711301023274617,1218072156118388191923207422,0.000000001189895067662168547478,37524529604373853670627771,0.690479338635323847128688612429
24463029,1771168427,1218072156118388191923207422,1218072190903460745328601247,0.000000001189895043607336333480,37524558895884835354417788,0.690479879004202712344806514011
24463036,1771168511,1218072190903460745328601247,1218072312651317540931964524,0.000000001189896015052482880492,37524176197651841699928804,0.690472841550389904163864684961
24463037,1771168523,1218072312651317540931964524,1218072330043692125302803709,0.000000001189883821102929011924,37505779073131382696686598,0.690134320055134642402094868885
24463043,1771168595,1218072330043692125302803709,1218072434346782677123348097,0.000000001189300503757885423157,37505780068387735021142493,0.690134342447326853964284509857
24463046,1771168631,1218072434346782677123348097,1218072486498332686219655320,0.000000001189300509925790954678,37505765138474735081264374,0.690134069753637224842179875850
24463052,1771168703,1218072486498332686219655320,1218072590801397883086113841,0.000000001189300062752628235457,37505758071089750768421768,0.690133943781188086141753501579
24463055,1771168739,1218072590801397883086113841,1218072642952924003650024620,0.000000001189299812952447694797,37505758568747066257517486,0.690133954977816488352004853368
24463058,1771168775,1218072642952924003650024620,1218072695104453049060226613,0.000000001189299825288259171430,37505759066346236698202862,0.690133966173375745789542179409
24463059,1771168787,1218072695104453049060226613,1218072712488296791023606358,0.000000001189299825288259171430,37505278013665675243495148,0.690125114765444469533406390838
24463063,1771168835,1218072712488296791023606358,1218072782022782371980262712,0.000000001189284596729104798631,37505278677171921325531661,0.690125129693500927174909520545
24463067,1771168883,1218072782022782371980262712,1218072851557273152494351150,0.000000001189284619858751007125,37505280632962189675991013,0.690125168401513056082308139594
24463069,1771168907,1218072851557273152494351150,1218072886324521844294755516,0.000000001189284661492114430568,37505280964715306485352332,0.690125175865541340414210935705
24463070,1771168919,1218072886324521844294755516,1218072903708146716095283375,0.000000001189284670743973038043,37505281130591838089413070,0.690125179597555593602464796277
24463072,1771168943,1218072903708146716095283375,1218072938475397357730074563,0.000000001189284679995831645518,37505281462344952582718724,0.690125187061583766912065129873
24463081,1771169051,1218072938475397357730074563,1218073094928038909392677730,0.000000001189284748870778436333,37505282955233971575048492,0.690125220649713599918584350235
24463085,1771169099,1218073094928038909392677730,1218073164462555483805944660,0.000000001189284754010699884930,37498038158862613093183213,0.689991908291921252072143033729
24463088,1771169135,1218073164462555483805944660,1218073216603371669756391540,0.000000001189055014943423586096,37498048277044164921389850,0.689992096519309039415190909494
24463097,1771169255,1218073216603371669756391540,1218073390406155306743504171,0.000000001189055394886414336694,37498066137288020264842766,0.689992431966930941378279840137
24463100,1771169291,1218073390406155306743504171,1218073442547020068286259275,0.000000001189055903121843286221,37498091507178788472218816,0.689992900853778512448855053663
24463103,1771169327,1218073442547020068286259275,1218073494687922338474157086,0.000000001189056704949583270302,37498091042774511630118593,0.689992894345785923171376907703
24463104,1771169339,1218073494687922338474157086,1218073512068223375940778799,0.000000001189056667942149253993,37498091208658256425654241,0.689992898077541605417195569316
24463107,1771169375,1218073512068223375940778799,1218073564209128206964898820,0.000000001189056698781677738780,37498100379563144422390292,0.689993068953479449234578169126
24463111,1771169423,1218073564209128206964898820,1218073633730355123042680999,0.000000001189056996383127234405,37498101740275393575001176,0.689993096709086706219693496678
24463115,1771169471,1218073633730355123042680999,1218073703251588529777735917,0.000000001189057038016490657849,37498101922782411875644923,0.689993102784478229416720296285
24463123,1771169567,1218073703251588529777735917,1218073842294067923700314874,0.000000001189057079649854081292,37498103249852322700960772,0.689993132638529016453787789942
24463134,1771169699,1218073842294067923700314874,1218074033477509771778562252,0.000000001189057147356637179110,37498124595532354568718623,0.689993532888092286903258809616
24463136,1771169723,1218074033477509771778562252,1218074068238158573644526198,0.000000001189057750409598263521,37498124927299787928570308,0.689993540351606315930155233218
24463143,1771169807,1218074068238158573644526198,1218074189900438268418804226,0.000000001189057799312279090410,37498126088485801505684564,0.689993566473906638769619803497
24463145,1771169831,1218074189900438268418804226,1218074224661092918149805001,0.000000001189057796668890887304,37498127240468013955282880,0.689993589030599818734401651454
24463146,1771169843,1218074224661092918149805001,1218074242041421148949258129,0.000000001189057815172607895458,37501358399429975682297517,0.690053045365405237632216994825
24463148,1771169867,1218074242041421148949258129,1218074276805073629734222048,0.000000001189160288757780797407,37501358731190968850149661,0.690053052829152302471982238785
24463151,1771169903,1218074276805073629734222048,1218074328950554672503926859,0.000000001189160307261498012356,37501359228832427336673329,0.690053064024772733198176410951
24463152,1771169915,1218074328950554672503926859,1218074346332382413491305740,0.000000001189160307261498012356,37501359394712898133366214,0.690053067756646210106907801674
24463153,1771169927,1218074346332382413491305740,1218074363714210479401409028,0.000000001189160307261498012356,37501699939886815452343840,0.690059334976821481255626622442
24463155,1771169951,1218074363714210479401409028,1218074398478183039776529922,0.000000001189171122684129500158,37501699574465509753620989,0.690059329611929839209949477663
24463157,1771169975,1218074398478183039776529922,1218074433242156253574585707,0.000000001189171113432270892683,37501700529158963735056262,0.690059348538603511968858583714
24463158,1771169987,1218074433242156253574585707,1218074450624143675035551722,0.000000001189171131935988107632,37501708303404864975416764,0.690059492270111873857274531474
24463163,1771170047,1218074450624143675035551722,1218074537534102519732491069,0.000000001189171413192487665552,37501643518739392113553343,0.690058303532523842349633014237
24463169,1771170119,1218074537534102519732491069,1218074641825881153097291036,0.000000001189169364831007108061,37501644514020604403038391,0.690058325923826987313702829852
24463170,1771170131,1218074641825881153097291036,1218074659207845588113764937,0.000000001189169355579148707382,37501644679900790344471533,0.690058329655710789296563234529
24463171,1771170143,1218074659207845588113764937,1218074676589810348056688491,0.000000001189169355579148707382,37501407804635861225850991,0.690053971653109998740660557814
24463173,1771170167,1218074676589810348056688491,1218074711353521029288392281,0.000000001189161861573732487575,37501395678107394223318720,0.690053749875011779302269587788
24463176,1771170203,1218074711353521029288392281,1218074763499072049528471162,0.000000001189161479163579400292,37501179561646133408550014,0.690049775025977085718409398396
24463185,1771170311,1218074763499072049528471162,1218074919934836976758405404,0.000000001189154680075537860927,37501208941580021262335496,0.690050321754607343116560969065
24463195,1771170431,1218074919934836976758405404,1218075093752513301572325524,0.000000001189155620269962372701,37501210600386374522087614,0.690050359073292152167766744242
24463213,1771170647,1218075093752513301572325524,1218075406624407030582712347,0.000000001189155739927332703423,37501213586237730513505587,0.690050426246931580820387353015
24463214,1771170659,1218075406624407030582712347,1218075424006182644693861570,0.000000001189155681332228603007,37501116576972633204035433,0.690048641810503071702953548083
24463221,1771170743,1218075424006182644693861570,1218075545678304142543843333,0.000000001189152665226345106930,37501208370646384242870014,0.690050335639633916073876207520
24463224,1771170779,1218075545678304142543843333,1218075597823630429561249523,0.000000001189155539470397655704,37501146329947530766524066,0.690049196036033429813016937260
24463227,1771170815,1218075597823630429561249523,1218075649968872681473870358,0.000000001189153571908481815210,37501137018570955678957365,0.690049026730985004540741556411
24463228,1771170827,1218075649968872681473870358,1218075667350616279032904770,0.000000001189153257345291642612,37501192958191695650230508,0.690050056741468464949207373138
24463231,1771170863,1218075667350616279032904770,1218075719495926343815144328,0.000000001189155052205848051017,37501154970768908336379230,0.690049359754187685567217158678
24463235,1771170911,1218075719495926343815144328,1218075789022939474133572492,0.000000001189153858716096578974,37501176549421289056344862,0.690049759535716344949207723403
24463236,1771170923,1218075789022939474133572492,1218075806404703378487906248,0.000000001189154515598052746593,37499714551512080345129365,0.690022857261707867060351873079
24463238,1771170947,1218075806404703378487906248,1218075841166876661642435555,0.000000001189108163786774646307,37499700452515300242780283,0.690022599177698148231741015479
24463240,1771170971,1218075841166876661642435555,1218075875929037867113358519,0.000000001189107719697564796245,37499673848081155882571566,0.690022110974887969980784419022
24463261,1771171223,1218075875929037867113358519,1218076240931531466475283934,0.000000001189107035060033012996,37499679709242482128366921,0.690022233095045178785653661180
24463276,1771171403,1218076240931531466475283934,1218076501647706037005271568,0.000000001189107170753958221983,37499826505366454565420484,0.690024944554016306241805978061
24463281,1771171463,1218076501647706037005271568,1218076588553450160916681044,0.000000001189111738704914063388,37499827334776549073695643,0.690024963213110686943707605678
24463284,1771171499,1218076588553450160916681044,1218076640696900764767398255,0.000000001189111747339981931595,37499837195246082878026257,0.690025146698572511283487074252
24463289,1771171559,1218076640696900764767398255,1218076727602679583150763849,0.000000001189112079173308254197,37499838442943474691379562,0.690025173054470086775324944028
24463291,1771171583,1218076727602679583150763849,1218076762364994003242343093,0.000000001189112095826653664933,37499705103095982124853598,0.690022720759787766553472465603
24463299,1771171679,1218076762364994003242343093,1218076901413767180609595800,0.000000001189107916299558809214,37490088399396083204231203,0.689845764408770767417422575818
24463300,1771171691,1218076901413767180609595800,1218076918790407605644029404,0.000000001188802907966153959516,37490088565287735013571180,0.689845768140238568832955934340
24463302,1771171715,1218076918790407605644029404,1218076953543689353160756507,0.000000001188802926469871174466,37490012208010863931223621,0.689844364466902670862680224673
24463315,1771171883,1218076953543689353160756507,1218077196816193867284183105,0.000000001188800606896766065423,37490009669371305980777230,0.689844327255430100898081491323
24463317,1771171907,1218077196816193867284183105,1218077231569410410761361552,0.000000001188800428468065767864,37489903954725899756563454,0.689842383304806738841818969377
24463318,1771171919,1218077231569410410761361552,1218077248945970055623762713,0.000000001188797060791557669290,37489902489374353051181923,0.689842357018939145163471948763
24463324,1771171991,1218077248945970055623762713,1218077353205329055272985819,0.000000001188797060791557669290,37489903484725680689756232,0.689842379407707206873112681933
24463330,1771172063,1218077353205329055272985819,1218077457464699746904821331,0.000000001188797091631086154077,37489185140870528967098578,0.689829164874446676414265766653
24463331,1771172075,1218077457464699746904821331,1218077474840929444212782080,0.000000001188774264212118630478,37489190720817350148651350,0.689829268232613035394251710386
24463333,1771172099,1218077474840929444212782080,1218077509593394755068260262,0.000000001188774458501147939880,37489194476754492783351340,0.689829338705024719402558730508
24463334,1771172111,1218077509593394755068260262,1218077526969629523187774654,0.000000001188774560271592001716,37489199874918359111411409,0.689829438714182341385594554595
24463338,1771172159,1218077526969629523187774654,1218077596474581082629475690,0.000000001188774763812479711798,37483268652170338110593816,0.689720302475343327586188024725
24463340,1771172183,1218077596474581082629475690,1218077631221560107790683890,0.000000001188586664276532594651,37483271395117621899672924,0.689720354306577076997086805932
24463343,1771172219,1218077631221560107790683890,1218077683342034318090533853,0.000000001188586766046976656487,37483271892812924653272633,0.689720365500242071910008689883
24463344,1771172231,1218077683342034318090533853,1218077700715526447803174945,0.000000001188586766046976656487,37483272058711356702001121,0.689720369231463736880982651201
24463348,1771172279,1218077700715526447803174945,1218077770209497752217742495,0.000000001188586793802552272116,37483269113648956313776779,0.689720317751653988480597945454
24463350,1771172303,1218077770209497752217742495,1218077804956482161145701811,0.000000001188586682780249809601,37483231090690870156079774,0.689719619457783150728857890499
24463351,1771172315,1218077804956482161145701811,1218077822329957113669403986,0.000000001188585470786781122608,37483230968181691566093318,0.689719617881868751751994750521
24463365,1771172483,1218077822329957113669403986,1218078065558631672864187201,0.000000001188585575200613180755,37483493477414739364698272,0.689724457944591584634963510325
24463370,1771172543,1218078065558631672864187201,1218078152426635579650798999,0.000000001188593823364669829493,37483476877848156923643985,0.689724155892975643311615385755
24463371,1771172555,1218078152426635579650798999,1218078169800229410513488555,0.000000001188593260851670713653,37483478437652834268859187,0.689724185273131285001113610633
24463373,1771172579,1218078169800229410513488555,1218078204547419261582966909,0.000000001188593325614680345590,37483080508055067464484433,0.689716864426488052153274566081
24463374,1771172591,1218078204547419261582966909,1218078221920830118418036357,0.000000001188580696827775234435,37483080722021773504376107,0.689716869042227509467579693592
24463376,1771172615,1218078221920830118418036357,1218078256667652773824583670,0.000000001188580706079633841910,37482481713026169652502226,0.689705847732718035913990206609
24463381,1771172675,1218078256667652773824583670,1218078343533325545039515779,0.000000001188561741620001564100,37482482026022748521129600,0.689705856884316403920820448548
24463385,1771172723,1218078343533325545039515779,1218078413025868802500591831,0.000000001188561739769629759887,37481523175827015189639155,0.689688215312006858148663468455
24463389,1771172771,1218078413025868802500591831,1218078482516638315611131204,0.000000001188531338162472245547,37481523166530702672748570,0.689688217854324769895413282939
24463392,1771172807,1218078482516638315611131204,1218078534634718039164146986,0.000000001188531328910613638072,37481493297474048117437458,0.689687670253784412821573823749
24463398,1771172879,1218078534634718039164146986,1218078638870801110328966613,0.000000001188530406808712584002,37481468257466581928917887,0.689687213550037148124260966142
24463404,1771172951,1218078638870801110328966613,1218078743106823465108841837,0.000000001188529611148878338238,37481470214146308336203617,0.689687253625947294111142582551
24463407,1771172987,1218078743106823465108841837,1218078795224840708228847654,0.000000001188529651240265223705,37480937938735843990151200,0.689677460992369373293797707447
24463408,1771172999,1218078795224840708228847654,1218078812597266908335314417,0.000000001188512751178668174855,37480935396338077326017371,0.689677414886738393562382043456
24463410,1771173023,1218078812597266908335314417,1218078847342117695048486057,0.000000001188512677163799935443,37480900207397678036613677,0.689676768713901600094118293782
24463418,1771173119,1218078847342117695048486057,1218078986321400271931788256,0.000000001188511617825997341204,37480911147097180609744322,0.689676975447338858060675192974
24463421,1771173155,1218078986321400271931788256,1218079038438650538095728780,0.000000001188511918511399705987,37480906412793941879297373,0.689676890367908246304295971640
24463425,1771173203,1218079038438650538095728780,1218079107928312250991979403,0.000000001188511779733521627843,37481492104139655309219880,0.689687670683744258326441922691
24463433,1771173299,1218079107928312250991979403,1218079246909819315374295825,0.000000001188530385221042706689,37481513218627059272090340,0.689688064648864118666438116634
24463434,1771173311,1218079246909819315374295825,1218079264282518599987391096,0.000000001188530995843706250525,37481513355689055275763130,0.689688067849356656324744108133
24463435,1771173323,1218079264282518599987391096,1218079281655218195904687341,0.000000001188530995843706250525,37481513521589200067132864,0.689688071580514483471802122949
24463437,1771173347,1218079281655218195904687341,1218079316400618284856596772,0.000000001188531014347423258680,37481514561451223915908283,0.689688092072232583618074386322
24463441,1771173395,1218079316400618284856596772,1218079385891423363977792693,0.000000001188531065232645289598,37481889006601759619452009,0.689694985140378302723718206835
24463442,1771173407,1218079385891423363977792693,1218079403264298808725151019,0.000000001188542912237503962804,37481937218314540968899474,0.689695872986878733001958607929
24463445,1771173443,1218079403264298808725151019,1218079455382993668119335300,0.000000001188544460381832699707,37481934786686675772638267,0.689695830276368271327669390303
24463448,1771173479,1218079455382993668119335300,1218079507501687376364681620,0.000000001188544380199058721978,37481935284385937773548367,0.689695841469889270314297391451
24463449,1771173491,1218079507501687376364681620,1218079524874586005360066680,0.000000001188544374031152983662,37481935450285679638409084,0.689695845201062973650607546006
24463458,1771173599,1218079524874586005360066680,1218079681230685508539636012,0.000000001188544452157958381951,37481936962609521994212573,0.689695879135416300975691683561
24463460,1771173623,1218079681230685508539636012,1218079715976489525658410755,0.000000001188544438794162822394,37481937294409016762407714,0.689695886597763929692916917702
24463461,1771173635,1218079715976489525658410755,1218079733349392059679471001,0.000000001188544448046021223074,37482366266267866140879145,0.689703781004776250718180108379
24463462,1771173647,1218079733349392059679471001,1218079750722493670224481862,0.000000001188558048278072881241,37482962702404391043652179,0.689714757006916645565297585563
24463464,1771173671,1218079750722493670224481862,1218079785469250531785334963,0.000000001188576968328784339481,37487841685673205269138236,0.689804535332634305433430199628
24463472,1771173767,1218079785469250531785334963,1218079924474379188379319233,0.000000001188731728792487679168,37487939161012722034092728,0.689806334455328018506747866923
24463477,1771173827,1218079924474379188379319233,1218080011352818553663382547,0.000000001188734795783593206163,37487940314142165883245109,0.689806359068014907087729170598
24463481,1771173875,1218080011352818553663382547,1218080080855576645294561954,0.000000001188734823539168821792,37487943870305045505017253,0.689806427221550833017715831375
24463483,1771173899,1218080080855576645294561954,1218080115606960474845131832,0.000000001188734916057754276153,37487944202092697802522821,0.689806434684332892004476889269
24463485,1771173923,1218080115606960474845131832,1218080150358345603407800948,0.000000001188734925309612883628,37487941489395065256611189,0.689806386123995363135463776416
24463501,1771174115,1218080150358345603407800948,1218080428369442206505924023,0.000000001188734962317046899936,37487944087936912193327229,0.689806444800244555892732023494
24463517,1771174307,1218080428369442206505924023,1218080706380621532883198919,0.000000001188735044427291498437,37487951558799776372825435,0.689806593178852289760527582985
24463521,1771174355,1218080706380621532883198919,1218080775883440129937216724,0.000000001188735179735722624628,37487956191909951234683282,0.689806681149850997591954637755
24463523,1771174379,1218080775883440129937216724,1218080810634855210535273798,0.000000001188735313887671502432,37488019611914768906923257,0.689807849531045791380279297300
24463526,1771174415,1218080810634855210535273798,1218080862762067876116860940,0.000000001188737330792832835868,37487928648026187328197847,0.689806177763320205187369538180
24463527,1771174427,1218080862762067876116860940,1218080880137763765173178328,0.000000001188734425709251802307,37488890323986022032914650,0.689823874731234742974095297541
24463528,1771174439,1218080880137763765173178328,1218080897513905639958234353,0.000000001188764919834994771008,37488972185333923955607052,0.689825381782348534542848028650
24463529,1771174451,1218080897513905639958234353,1218080914890085705442616158,0.000000001188767510355385631972,37489681680016657707500449,0.689838438248340457548124504683
24463530,1771174463,1218080914890085705442616158,1218080932266594870378945533,0.000000001188790010875351299546,37489606034514630051008553,0.689837046992922253707547497470
24463532,1771174487,1218080932266594870378945533,1218080967019543820353162153,0.000000001188787623895848355460,37489674082212226784019359,0.689838300530855041969857666118
24463534,1771174511,1218080967019543820353162153,1218081001772556842231518957,0.000000001188789779578887767040,37489674413996455705784913,0.689838307993762445136098904186
24463538,1771174559,1218081001772556842231518957,1218081071278586475727704119,0.000000001188789811960392789804,37489188227425134898399752,0.689829364141935186260923273949
24463551,1771174715,1218081071278586475727704119,1218081297170280650678016350,0.000000001188774470599732288639,37489185719286450321255211,0.689829326812305465566055318050
24463552,1771174727,1218081297170280650678016350,1218081314546565390600916786,0.000000001188774282715835845427,37487541568268678636174653,0.689799072629156517777460067009
24463554,1771174751,1218081314546565390600916786,1218081349297611481895715054,0.000000001188722157744829694327,37487890373482229534997608,0.689805492266085451547041884623
24463562,1771174847,1218081349297611481895715054,1218081488303099134752233324,0.000000001188733273852863753707,37487892873632007884451998,0.689805543702151191531868335005
24463570,1771174943,1218081488303099134752233324,1218081627308611921274779925,0.000000001188733352493661193459,37485298395212866143522809,0.689757806808826590128091993392
24463574,1771174991,1218081627308611921274779925,1218081696806564085605848330,0.000000001188651047960102453051,37468498985404169339597723,0.689448675004786681874691112171
24463577,1771175027,1218081696806564085605848330,1218081748906671159798237627,0.000000001188118332113358818156,37468058214795108583611468,0.689440566192757620100906024163
24463585,1771175123,1218081748906671159798237627,1218081887838666536268828119,0.000000001188104399585387938032,37468061476574911003948157,0.689440631635351852679605144658
24463587,1771175147,1218081887838666536268828119,1218081922571670880051743756,0.000000001188104448157645265383,37468061808401574422999117,0.689440639096693064225007674395
24463588,1771175159,1218081922571670880051743756,1218081939938173577143289738,0.000000001188104448157645265383,37468061974314879392191045,0.689440642827363947553465095552
24463589,1771175171,1218081939938173577143289738,1218081957304676598734532960,0.000000001188104466661362273537,37468062140228195031374528,0.689440646558034497815015129163
24463606,1771175375,1218081957304676598734532960,1218082252535267155698432899,0.000000001188104600541197681133,37468064960754763929512886,0.689440709979446619826148889842
24463617,1771175507,1218082252535267155698432899,1218082443566878262086606428,0.000000001188104639923440352711,37468094648908533487701385,0.689441263719064001413983078237
24463620,1771175543,1218082443566878262086606428,1218082495666455044933081552,0.000000001188105515205330135914,37467999293903661035743516,0.689439511148115968808269826695
24463623,1771175591,1218082495666455044933081552,1218082565132384099608614113,0.000000001188102496015493563884,37468000149648610752896662,0.689439529605562206882041209610
24463627,1771175639,1218082565132384099608614113,1218082634598318702408222600,0.000000001188102523771069179513,37467722182259260169151691,0.689434417506374241924049783847
24463632,1771175699,1218082634598318702408222600,1218082721430098334940005744,0.000000001188093719702484026099,37467242309097946160622337,0.689425590502426133276969721919
24463641,1771175807,1218082721430098334940005744,1218082877725315473029976168,0.000000001188078536785831744610,37466254377904228311300657,0.689407417172153369477882733918
24463647,1771175879,1218082877725315473029976168,1218082981919390591995993018,0.000000001188047182237244484618,37466366411871259408162293,0.689409482831742637110039595427
24463651,1771175927,1218082981919390591995993018,1218083051382320001308645257,0.000000001188050717989182608146,37466369956671066122432678,0.689409550771513113254229665472
24463655,1771175975,1218083051382320001308645257,1218083120845259943930963907,0.000000001188050833637414477796,37466300944214234276632292,0.689408283600687510350724096497
24463656,1771175987,1218083120845259943930963907,1218083138210963561119138188,0.000000001188048622443223628163,37466300922170875118940898,0.689408283872717575491151364986
24463657,1771175999,1218083138210963561119138188,1218083155576667415665774413,0.000000001188048622443223628163,37466301088085915446892626,0.689408287603324620995692839642
24463664,1771176083,1218083155576667415665774413,1218083277136601867923057193,0.000000001188048672667598660003,37466271415051661186560063,0.689407746317218128595527559810
24463667,1771176119,1218083277136601867923057193,1218083329233679086275942787,0.000000001188047697257369911729,37466272392985180427297760,0.689407766345227490667468828178
24463684,1771176323,1218083329233679086275942787,1218083624450499783733797043,0.000000001188047847464014359016,37466295658740253126019799,0.689408205972677157191697006056
24463694,1771176443,1218083624450499783733797043,1218083798107594395135245179,0.000000001188048526223894978966,37466297317890718009228739,0.689408243278748389393228990230
24463696,1771176467,1218083798107594395135245179,1218083832839017826363264905,0.000000001188048511420921165647,37466297168024787471356910,0.689408241876026006700328707666
24463697,1771176479,1218083832839017826363264905,1218083850204729843877623703,0.000000001188048492917204157493,37466297488701355764642024,0.689408248454479455347154726041
24463701,1771176527,1218083850204729843877623703,1218083919667580984229310791,0.000000001188048534550567580936,37466992892562814323488995,0.689421047644828810518902173499
24463704,1771176563,1218083919667580984229310791,1218083971765688902848058975,0.000000001188070574019582721475,37467857786107533360786457,0.689436965029040171870633457729
24463705,1771176575,1218083971765688902848058975,1218083989132126251019846426,0.000000001188097990360385431320,37467857462188147512413275,0.689436959746036359675258609059
24463714,1771176683,1218083989132126251019846426,1218084145430072175165600094,0.000000001188098041759599503701,37467858955409865092049966,0.689436993322012359186601315741
24463723,1771176791,1218084145430072175165600094,1218084301728044383624601763,0.000000001188098089046876417203,37467860448631588664583370,0.689437026897988913809456335002
24463724,1771176803,1218084301728044383624601763,1218084319094487670214006806,0.000000001188098064375253670732,37467860614545112055262397,0.689437030628653024777463542705
24463730,1771176875,1218084319094487670214006806,1218084423293153050684012941,0.000000001188098116802452032832,37467201252030727661300324,0.689424901424448566267244586925
24463731,1771176887,1218084423293153050684012941,1218084440659292531208621578,0.000000001188077173678673709635,37468144105522376411272674,0.689442252035621927497288652376
24463732,1771176899,1218084440659292531208621578,1218084458025869274231335270,0.000000001188107057181753134500,37468455320548387632735155,0.689447979541538247261200922367
24463740,1771176995,1218084458025869274231335270,1218084596959646123587915107,0.000000001188116991364858826084,37468981117609074561565798,0.689457660425841445395178652689
24463742,1771177019,1218084596959646123587915107,1218084631693580228499633540,0.000000001188133610015758683896,37468980969177062267378868,0.689457659049795945627181481541
24463750,1771177115,1218084631693580228499633540,1218084770629326002210946578,0.000000001188133660900980714814,37468989262482851500186652,0.689457817075233903025832660205
24463758,1771177211,1218084770629326002210946578,1218084909565118374801235248,0.000000001188133922265984359721,37468988009053481286124616,0.689457799431551277002938604710
24463763,1771177271,1218084909565118374801235248,1218084996399993750204293302,0.000000001188133857965567627138,37468995804620557915959582,0.689457946264852017392854577338
24463770,1771177355,1218084996399993750204293302,1218085117968854968316567152,0.000000001188134122833060573953,37469004333532130187258134,0.689458107953423326996755804430
24463771,1771177367,1218085117968854968316567152,1218085135335840085952732438,0.000000001188134350164441905197,37469456467235577484702218,0.689466428577346301942441186839
24463772,1771177379,1218085135335840085952732438,1218085152703035016402767974,0.000000001188148672041459569717,37459715275435174830564083,0.689287176545107294067804559745
24463774,1771177403,1218085152703035016402767974,1218085187428395482073790190,0.000000001187839798744150243692,37459763609191694856343208,0.689288067313883368036897536513
24463776,1771177427,1218085187428395482073790190,1218085222153801743358726140,0.000000001187841325300809103283,37459699636821636354434167,0.689286891528322454014698905667
24463777,1771177439,1218085222153801743358726140,1218085239516475593865895963,0.000000001187839289891930554897,37459701002791614986443291,0.689286917341403571057867338823
24463779,1771177463,1218085239516475593865895963,1218085274241825303608354799,0.000000001187839345403081786155,37459701334634469783117549,0.689286924802137379586497445416
24463780,1771177475,1218085274241825303608354799,1218085291604500683522895797,0.000000001187839345403081786155,37459701500555897091244000,0.689286928532504283850812498713
24463781,1771177487,1218085291604500683522895797,1218085308967176387831307337,0.000000001187839345403081786155,37459749666028397756847905,0.689287815527449221342237706267
24463786,1771177547,1218085308967176387831307337,1218085395780670245866196706,0.000000001187840910817546673062,37459607080825020588261867,0.689285195237957615255197652004
24463790,1771177595,1218085395780670245866196706,1218085465231205432517658289,0.000000001187836380182420320996,37459680026576109264075162,0.689286540259118174489572083985
24463796,1771177667,1218085465231205432517658289,1218085569407218500517850313,0.000000001187838713192748365006,37459959666917464653078813,0.689291689918270167325431430072
24463802,1771177739,1218085569407218500517850313,1218085673584018162796224716,0.000000001187847579557181227263,37459866152436664788095383,0.689289973244640585825493417360
24463803,1771177751,1218085673584018162796224716,1218085690946775628496857214,0.000000001187844563451297524391,37459866318357934240479057,0.689289976975013485294141446502
24463805,1771177775,1218085690946775628496857214,1218085725672291456181377573,0.000000001187844581955014739340,37460526749598311800498061,0.689302131266952611277076812257
24463806,1771177787,1218085725672291456181377573,1218085743035355853086063090,0.000000001187865528162745931695,37460355062025628480700953,0.689298972632127804338608711987
24463807,1771177799,1218085743035355853086063090,1218085760398340919793648156,0.000000001187860069566208260274,37460355707981929328588026,0.689298985195900715261529967393
24463809,1771177823,1218085760398340919793648156,1218085795124312394506827596,0.000000001187860106573642276582,37460356039823535025124964,0.689298992656682596447126343264
24463810,1771177835,1218085795124312394506827596,1218085812487298656919351096,0.000000001187860106573642276582,37464908854914099381986149,0.689382772045661229576296591404
24463811,1771177847,1218085812487298656919351096,1218085829852395410188572362,0.000000001188004472574277770036,37464487004860359920186761,0.689375010041424429729772782593
24463812,1771177859,1218085829852395410188572362,1218085847217296882255991429,0.000000001187991094386831036900,37465287138282454158692517,0.689389741730487060067389393225
24463814,1771177883,1218085847217296882255991429,1218085881947842297529206437,0.000000001188016481486660729881,37464414094295098327596652,0.689373677749655078272894570546
24463815,1771177895,1218085881947842297529206437,1218085899312710717997596116,0.000000001187988781422196332225,37464414260211960744813176,0.689373681480193845061421598075
24463819,1771177943,1218085899312710717997596116,1218085968772187182995340319,0.000000001187988818429630555329,37464456215918147595255313,0.689374456238602051350028432353
24463820,1771177955,1218085968772187182995340319,1218085986137076364720192365,0.000000001187990113689825882413,37464443858477452245851217,0.689374229529849502640104219608
24463823,1771178003,1218085986137076364720192365,1218086055596612656291087642,0.000000001187989757493272286372,37464432416697379284553305,0.689374021702578554382512265875
24463825,1771178027,1218086055596612656291087642,1218086090326371680785861783,0.000000001187989373541142867907,37463305063408747388582184,0.689353278043699613242267787427
24463826,1771178039,1218086090326371680785861783,1218086107690729032633210564,0.000000001187953624359749937867,37463241720574847611310680,0.689352113164908630871252626093
24463829,1771178075,1218086107690729032633210564,1218086159783714494594389605,0.000000001187951625958305612585,37463242218328885264363614,0.689352124356397366611304278194
24463833,1771178123,1218086159783714494594389605,1218086229241032832219222460,0.000000001187951653713881228214,37463241928600526427270329,0.689352121734365996807980536687
24463835,1771178147,1218086229241032832219222460,1218086263969693217666462669,0.000000001187951625958305612585,37463778945534060975529270,0.689362009957375287960701371048
24463839,1771178195,1218086263969693217666462669,1218086333428012595197035581,0.000000001187968672507662809077,37464403781007273862308491,0.689373510589641025347873437568
24463840,1771178207,1218086333428012595197035581,1218086350792882671664300898,0.000000001187988466859006159628,37463888843733737430674836,0.689364036029877391698050814739
24463841,1771178219,1218086350792882671664300898,1218086368157514320616786079,0.000000001187972128076826954877,37463696749218776301523642,0.689360501876104092566777126194
24463844,1771178255,1218086368157514320616786079,1218086420251143643471048187,0.000000001187966058857625739620,37463716452125875065101397,0.689360866471687594447814717569
24463847,1771178291,1218086420251143643471048187,1218086472344802591284872076,0.000000001187966681816100760089,37441678583303018571365109,0.688955338213368739808117879875
24463848,1771178303,1218086472344802591284872076,1218086489699141445581412307,0.000000001187267839597438978672,37441678749241733025097193,0.688955341943076726707317902765
24463851,1771178339,1218086489699141445581412307,1218086541762159722716342648,0.000000001187267870436967463459,37441679247057861172237229,0.688955353132200687404917971435
24463855,1771178387,1218086541762159722716342648,1218086611179521810034493023,0.000000001187267895108590209929,37440904131833373677471238,0.688941092538533639277886777563
24463857,1771178411,1218086611179521810034493023,1218086645887485800286428591,0.000000001187243294416736155237,37440946007200435865355878,0.688941866351757581377057704231
24463858,1771178423,1218086645887485800286428591,1218086663241487575644249621,0.000000001187244617432507304746,37440946660404639164570078,0.688941879047481386955098514591
24463862,1771178483,1218086663241487575644249621,1218086750011501674865178291,0.000000001187244672943658536003,37440758478331356081071234,0.688938419591922035500886067894
24463864,1771178507,1218086750011501674865178291,1218086784719334599203085605,0.000000001187238677739325560158,37440828345768407017599892,0.688939706611268909419720785081
24463868,1771178555,1218086784719334599203085605,1218086854135132949915483000,0.000000001187240912063162618286,37441212648979209875732398,0.688946781079314063411800361791
24463869,1771178567,1218086854135132949915483000,1218086871489261281528663141,0.000000001187253073631211464090,37441367569091313050552836,0.688949633947787853927025025769
24463870,1771178579,1218086871489261281528663141,1218086888843461666382705101,0.000000001187257977116236822933,37441377480433737612736861,0.688949817000317987769619776373
24463871,1771178591,1218086888843461666382705101,1218086906197666892424505929,0.000000001187258291679427202325,37441398667232447176051573,0.688950207545804826914093155210
24463872,1771178603,1218086906197666892424505929,1218086923551882185866540173,0.000000001187258976316958985573,37441717050633291112415000,0.688956066960797697262819383468
24463874,1771178627,1218086923551882185866540173,1218086958260608658075910199,0.000000001187269079346483074498,37441718462828077564345566,0.688956094299700616545578668592
24463880,1771178699,1218086958260608658075910199,1218087062386797936085109026,0.000000001187269153361351520705,37441719458460149129302453,0.688956116677958863014907819888
24463881,1771178711,1218087062386797936085109026,1218087079741164142612882457,0.000000001187269134857634305756,37441588086195743814886424,0.688953699798725560654588662146
24463888,1771178795,1218087079741164142612882457,1218087201221308270821862519,0.000000001187265029675831395783,37440929108581549471703665,0.688941578341225713266737784579
24463891,1771178831,1218087201221308270821862519,1218087253283314576326940921,0.000000001187244099328429008476,37441169330631523073625609,0.688946000820900406047542219312
24463893,1771178855,1218087253283314576326940921,1218087287991542703741514649,0.000000001187251704356147690798,37441169662509920401242541,0.688946008280279520441524709895
24463902,1771178963,1218087287991542703741514649,1218087444178582900147700280,0.000000001187251778371016137005,37440941022644500928069972,0.688941807044165077655861750827
24463915,1771179119,1218087444178582900147700280,1218087669780743081579667907,0.000000001187244561921356073488,37440943093506688016593660,0.688941853941049897613879693381
24463931,1771179311,1218087669780743081579667907,1218087947445012945621275141,0.000000001187244652126976824282,37441201314122335802106239,0.688946616411967083237755105074
24463936,1771179371,1218087947445012945621275141,1218088034215708689522191958,0.000000001187252747965790879804,37441233555352608830776998,0.688947213369657474046903189446
24463938,1771179395,1218088034215708689522191958,1218088068924018605665003789,0.000000001187253749016884846658,37441209678341611604150014,0.688946775348600604083060261473
24463939,1771179407,1218088068924018605665003789,1218088086278162867518308873,0.000000001187252981112626009728,37441209169339470800059785,0.688946766658343534572850330733
24463950,1771179539,1218088086278162867518308873,1218088277173763470913631290,0.000000001187253046716713922485,37441210603210156009563145,0.688946800481487597878071937885
24463954,1771179587,1218088277173763470913631290,1218088346590355584284885941,0.000000001187253031997848040646,37441134008430535491940014,0.688945393725450050403935620125
24463957,1771179623,1218088346590355584284885941,1218088398652695759437402240,0.000000001187250594133123065642,37441160455269629246532965,0.688945882414729648957063545822
24463958,1771179635,1218088398652695759437402240,1218088416006821903857999651,0.000000001187251426800391534509,37441227758378838183768301,0.688947121570668397083636591560
24463960,1771179659,1218088416006821903857999651,1218088450715137324950312053,0.000000001187253563979713937935,37441276045525454269229835,0.688948011480079669510701023682
24463962,1771179683,1218088450715137324950312053,1218088485423498497594563811,0.000000001187255090536372797526,37440923903631071787560208,0.688941532884809859638153284322
24463963,1771179695,1218088485423498497594563811,1218088502777516235610416648,0.000000001187243914291258306548,37440924069570501190355433,0.688941536614490535050947528362
24463965,1771179719,1218088502777516235610416648,1218088537485552607193579531,0.000000001187243932794975314702,37441146984740718608477715,0.688945639945698462547341023310
24463972,1771179803,1218088537485552607193579531,1218088658964410950438637221,0.000000001187251040865721118811,37443413251018931645047271,0.688987347433476005065244862635
24463973,1771179815,1218088658964410950438637221,1218088676319584983506514409,0.000000001187322851148309155178,37443413512877589664372702,0.688987352928351670655615635042
24463974,1771179827,1218088676319584983506514409,1218088693674759385221282262,0.000000001187322869652026163332,37443412550559860875083967,0.688987335896515173949694599287
24463987,1771179983,1218088693674759385221282262,1218088919292043310982407288,0.000000001187322933703354618443,37443414707741682231134755,0.688987384383557666112096740108
24463989,1771180007,1218088919292043310982407288,1218088954002400393017422355,0.000000001187322906659460386436,37443445669526065490386104,0.688987955456809797460948630032
24463997,1771180103,1218088954002400393017422355,1218089092843953419476290249,0.000000001187323940554652068613,37443184246332154488797476,0.688983150281458289754255019943
24464002,1771180163,1218089092843953419476290249,1218089179619326243633175396,0.000000001187315627297162288399,37443190923505122452335449,0.688983276528491006551746522746
24464006,1771180211,1218089179619326243633175396,1218089249039641333437133978,0.000000001187315828987678401063,37443498803996901006439001,0.688988952425241829580215835449
24464011,1771180271,1218089249039641333437133978,1218089335815754278981112142,0.000000001187325600800666906654,37443514135321728986234904,0.688989238007315041301126257167
24464017,1771180343,1218089335815754278981112142,1218089439947140610543536776,0.000000001187326095466703314603,37443515112177462953525026,0.688989260040647533145374836749
24464020,1771180379,1218089439947140610543536776,1218089492012838472879047169,0.000000001187326101634609052919,37442512383225045634809603,0.688970810325812532681766242604
24464023,1771180415,1218089492012838472879047169,1218089544077144252874720502,0.000000001187294306080764812022,37442512881038812303761940,0.688970821515030529269552062033
24464026,1771180451,1218089544077144252874720502,1218089596141452950450559987,0.000000001187294318416576288655,37442513378852570377146024,0.688970832704248525857337881462
24464027,1771180463,1218089596141452950450559987,1218089613496223241573309233,0.000000001187294318416576288655,37439537862941777211750613,0.688916079355060606559391089831
24464028,1771180475,1218089613496223241573309233,1218089630849614615165181838,0.000000001187199967963200158503,37440072280748422855976712,0.688925914134798977883633597230
24464032,1771180523,1218089630849614615165181838,1218089700264173401896950385,0.000000001187216935871759915244,37441627395698832303750751,0.688954538066908539484245466156
24464034,1771180547,1218089700264173401896950385,1218089734972895884092672002,0.000000001187266229774053272195,37441909711761875729947649,0.688959734466066509028792097524
24464037,1771180583,1218089734972895884092672002,1218089787036374026052873739,0.000000001187275191741024251175,37441913641212807636802253,0.688959808802552697848398111091
24464038,1771180595,1218089787036374026052873739,1218089804390869055867168923,0.000000001187275296595420975375,37443090052150929212372479,0.688981457237182515207507549349
24464042,1771180643,1218089804390869055867168923,1218089873811032734812264948,0.000000001187312632470553403398,37443083868711530723672790,0.688981346162718777392797164794
24464047,1771180703,1218089873811032734812264948,1218089960586228566814152666,0.000000001187312444657825098549,37443299437654790473123045,0.688985316341965692288340505911
24464051,1771180751,1218089960586228566814152666,1218090030006789352048076484,0.000000001187319270679054739048,37443309879499229837950347,0.688985511192943267388955064234
24464056,1771180811,1218090030006789352048076484,1218090116782520096450660051,0.000000001187319609297077332439,37442304028051856052694839,0.688967005369962692817864535755
24464058,1771180835,1218090116782520096450660051,1218090151491881691530979379,0.000000001187287684834004153345,37443160280509923262388568,0.688982770955569590043410244107
24464061,1771180871,1218090151491881691530979379,1218090203557116569572760367,0.000000001187314851374626115735,37452772112059534794833439,0.689159645382797836354882292653
24464071,1771180991,1218090203557116569572760367,1218090377152466860936410593,0.000000001187619697029518306408,37452736179149212207000100,0.689158990930125114893201043742
24464075,1771181039,1218090377152466860936410593,1218090446590547284337849928,0.000000001187618508165696034705,37452876104104046293997834,0.689161568363960808092372190004
24464080,1771181099,1218090446590547284337849928,1218090533388477659460721630,0.000000001187622951833352138253,37453112498232159039848313,0.689165924006773011889492863702
24464082,1771181123,1218090533388477659460721630,1218090568107870680925662960,0.000000001187630419933564546643,37453113711961008897463259,0.689165947694846070525898085180
24464087,1771181183,1218090568107870680925662960,1218090654906360376983691123,0.000000001187630486546945982794,37453143332837739427165530,0.689166496148323703963001207740
24464091,1771181231,1218090654906360376983691123,1218090724345211504761037437,0.000000001187631419134286709284,37452205060603391187227637,0.689149233210365363966332097334
24464093,1771181255,1218090724345211504761037437,1218090759063768765597445805,0.000000001187601646653509540140,37452516734626083076287910,0.689154969842937337176635992364
24464095,1771181279,1218090759063768765597445805,1218090793782615940851089036,0.000000001187611527638428704033,37452514667291977939517292,0.689154933154365823000375712581
24464098,1771181315,1218090793782615940851089036,1218090845860885684535821154,0.000000001187611472127277472775,37452528261024993649850776,0.689155185323777508266118729807
24464101,1771181351,1218090845860885684535821154,1218090897939176557061487712,0.000000001187611903880676053000,37451873734844373748583068,0.689143143070364394553450893000
24464102,1771181363,1218090897939176557061487712,1218090915298303966592373699,0.000000001187591136542209824256,37451957843864213513844551,0.689144692254556656685338111856
24464104,1771181387,1218090915298303966592373699,1218090950016637497704119037,0.000000001187593810329327532107,37451944824161131301119790,0.689144454025566122190582518670
24464105,1771181399,1218090950016637497704119037,1218090967375798599644869853,0.000000001187593393995693297673,37451958915858992334998226,0.689144714000460512082213426766
24464107,1771181423,1218090967375798599644869853,1218091002094134608832228419,0.000000001187593847336761548415,37451304332911424382852790,0.689132670025462523710757523077
24464108,1771181435,1218091002094134608832228419,1218091019452999582068358216,0.000000001187573076914342657308,37451305195117198107676968,0.689132686567540342359450278309
24464114,1771181507,1218091019452999582068358216,1218091123606197014265370807,0.000000001187573147845258027562,37451306181098194222186612,0.689132708771328039709658241918
24464117,1771181543,1218091123606197014265370807,1218091175682800441002829386,0.000000001187573150929210896720,37451661935775636641987238,0.689139260502636408212140395335
24464118,1771181555,1218091175682800441002829386,1218091193041833638752468546,0.000000001187584419692910842059,37451615986957427981699299,0.689138415650725866257175766805
24464128,1771181675,1218091193041833638752468546,1218091366631966247249420014,0.000000001187583037465245266457,37451895943423174765302239,0.689143573832631695097461488331
24464129,1771181687,1218091366631966247249420014,1218091383991110629954504324,0.000000001187591839683458822454,37451895783075764317982005,0.689143571558730183568286520313
24464132,1771181723,1218091383991110629954504324,1218091436068545039425867226,0.000000001187591852019270092291,37452549113832519129091010,0.689155595875901805236196651094
24464134,1771181747,1218091436068545039425867226,1218091470787441526984125974,0.000000001187612554594726482303,37453268667661659263891153,0.689168838122479421315347281052
24464135,1771181759,1218091470787441526984125974,1218091488147223658749530231,0.000000001187635360426024128590,37453624068237139114952697,0.689175378714482644859629090206
24464137,1771181783,1218091488147223658749530231,1218091522867118124486656795,0.000000001187646647693441082083,37453628238991511673432141,0.689175456816415010763421378215
24464144,1771181867,1218091522867118124486656795,1218091644386770080139535000,0.000000001187646819513671182069,37453659151981388517707684,0.689176030400622474658689498028
24464149,1771181927,1218091644386770080139535000,1218091731186600540992318692,0.000000001187647783821669518656,37453659981617685372880876,0.689176049051362871189496672741
24464151,1771181951,1218091731186600540992318692,1218091765906535226287066657,0.000000001187647785672041322869,37453613115239848586565510,0.689175188020651807718763848243
24464153,1771181975,1218091765906535226287066657,1218091800626427455598617337,0.000000001187646296122816686382,37454588287034874499000200,0.689193133283059089500000027328
24464155,1771181999,1218091800626427455598617337,1218091835347224669070754785,0.000000001187677215834052496992,37454344980180319028919977,0.689188657417688421702450796147
24464156,1771182011,1218091835347224669070754785,1218091852707510872931116057,0.000000001187669499784031352154,37455004113308498711322590,0.689200793220800300709072416794
24464159,1771182047,1218091852707510872931116057,1218091904789287504105729895,0.000000001187690415152234059722,37454995013376231337366343,0.689200627798805753876365542965
24464162,1771182083,1218091904789287504105729895,1218091956871053708532508907,0.000000001187690125260666633595,37454217320526655785850386,0.689186318340835102347341489804
24464165,1771182119,1218091956871053708532508907,1218092008951740745467105123,0.000000001187665465973708478487,37454235921823807194211074,0.689186662649935555258196018258
24464178,1771182275,1218092008951740745467105123,1218092234634855720388338779,0.000000001187666140647700270638,37454244658347109353368052,0.689186832214594757850534278987
24464184,1771182347,1218092234634855720388338779,1218092338796331800505497210,0.000000001187666357236081047770,37454253730860941420497533,0.689187003217756388728787442233
24464188,1771182395,1218092338796331800505497210,1218092408237337622919733955,0.000000001187666627081955134561,37454260207873451207906436,0.689187125112182719099962469045
24464189,1771182407,1218092408237337622919733955,1218092425597592699199875699,0.000000001187666816745055036829,37454356344752289926245120,0.689188894855149336571287221886
24464191,1771182431,1218092425597592699199875699,1218092460318192713959968852,0.000000001187669869858372756009,37454923015261292938833601,0.689199323067890667893209410977
24464192,1771182443,1218092460318192713959968852,1218092477678755747372223285,0.000000001187687818463937667237,37455403697755137638449263,0.689208169040381624093072332471
24464194,1771182467,1218092477678755747372223285,1218092512400328154458858102,0.000000001187703074778667655664,37455405857725731851884148,0.689208210141008636995252345514
24464200,1771182539,1218092512400328154458858102,1218092616565057321073425487,0.000000001187703179633064379864,37454761507735560383405287,0.689196357173681217744842797401
24464203,1771182575,1218092616565057321073425487,1218092668646529265282727487,0.000000001187682723773835661354,37455275849802996812756579,0.689205823887959700968508514052
24464205,1771182599,1218092668646529265282727487,1218092703367988599399430061,0.000000001187699022464627773843,37455642561050258604752585,0.689212573291717256473987163190
24464209,1771182647,1218092703367988599399430061,1218092772811590127713201155,0.000000001187710665928598530172,37456618039946238772082624,0.689230525560498352710681047029
24464214,1771182707,1218092772811590127713201155,1218092859618358305351523608,0.000000001187741608769480756071,37456300653593481642559325,0.689224688549219921540611721866
24464215,1771182719,1218092859618358305351523608,1218092876979565572856837939,0.000000001187731505739956667146,37456141728543141826477939,0.689221764761233757212721684482
24464216,1771182731,1218092876979565572856837939,1218092894340699425146038146,0.000000001187726472728911630838,37455222749025906006088366,0.689204854803944888530509160773
24464217,1771182743,1218092894340699425146038146,1218092911701407572657898490,0.000000001187697329374515220479,37453741729594673113030722,0.689177603465160548701362586144
24464219,1771182767,1218092911701407572657898490,1218092946421451688116245352,0.000000001187650376192432183832,37454126877769569377098868,0.689184692136700416398298330023
24464221,1771182791,1218092946421451688116245352,1218092981141853829970425044,0.000000001187662588645703060554,37453669108640634857605933,0.689176269835441002165055124351
24464222,1771182803,1218092981141853829970425044,1218092998501843093418779766,0.000000001187648072479656086632,37453239918887405803771140,0.689168372654767269480657887470
24464223,1771182815,1218092998501843093418779766,1218093015861633672374901042,0.000000001187634453743887213515,37452508267620607248005823,0.689154909824644335003540618345
24464233,1771182935,1218093015861633672374901042,1218093189456161823303088930,0.000000001187611331499027797213,37452488293937819379515782,0.689154549062511945223263865046
24464235,1771182959,1218093189456161823303088930,1218093224175051906397984090,0.000000001187610630208150603228,37452505419150639174368752,0.689154865533372684716084677348
24464239,1771183007,1218093224175051906397984090,1218093293612866791872660921,0.000000001187611189945592116146,37454355624929415969022080,0.689188914869319324552066063916
24464240,1771183019,1218093293612866791872660921,1218093310973178712887700273,0.000000001187669832850938739701,37455850397753250313697298,0.689216421662779077372817937430
24464241,1771183031,1218093310973178712887700273,1218093328334183717244972664,0.000000001187717239374090233885,37454810661017720143224448,0.689197289586253813986616023612
24464242,1771183043,1218093328334183717244972664,1218093345694707044993564287,0.000000001187684265750258866736,37454810347086356766821643,0.689197284486328443087188588834
24464247,1771183103,1218093345694707044993564287,1218093432497326667579105430,0.000000001187684287954719276521,37454833250175247235635505,0.689197709322830309730534281698
24464248,1771183115,1218093432497326667579105430,1218093449857861950090119588,0.000000001187684987395224873087,37454761246124915601477904,0.689196385014549717240583959210
24464251,1771183151,1218093449857861950090119588,1218093501939369159273969850,0.000000001187682711438024391516,37454810483765651929580893,0.689197293056030613200846346444
24464252,1771183163,1218093501939369159273969850,1218093519299894879122942471,0.000000001187684265750258866736,37454810649691785963478018,0.689197296786220992004245999851
24464254,1771183187,1218093519299894879122942471,1218093554020947214914013286,0.000000001187684275002117267415,37454684410582345425245232,0.689194975146374844143792870454
24464268,1771183355,1218093554020947214914013286,1218093797067522100947581140,0.000000001187680369396120073057,37454687236848309677380672,0.689195036630442459113510267343
24464271,1771183391,1218093797067522100947581140,1218093849148941244390093131,0.000000001187680367633861202055,37454690087879198112105983,0.689195091124456760134364685655
24464275,1771183439,1218093849148941244390093131,1218093918590842185467560253,0.000000001187680463236399525574,37454593273871025383660763,0.689193312380333988897973540588
24464279,1771183487,1218093918590842185467560253,1218093988032567589807798233,0.000000001187677396245293998580,37454593937576460565737130,0.689193327301064528889185112348
24464281,1771183511,1218093988032567589807798233,1218094022753432391779550764,0.000000001187677400871223198919,37454611931435697681621548,0.689193659754520626670171168371
24464283,1771183535,1218094022753432391779550764,1218094057474314863971180475,0.000000001187677974486452519652,37454908852838780690998254,0.689199124918764116642933004186
24464290,1771183619,1218094057474314863971180475,1218094178998374684766067657,0.000000001187687427242490845325,37454914577886904191210051,0.689199235001398013977791379148
24464296,1771183691,1218094178998374684766067657,1218094283161880102398430774,0.000000001187687599503285611364,37454915699075799876818984,0.689199259694397992070946656895
24464297,1771183703,1218094283161880102398430774,1218094300522465724344405092,0.000000001187687596419332742205,37454911207708306221521113,0.689199177723225808733786834637
24464311,1771183883,1218094300522465724344405092,1218094560931248518170067462,0.000000001187687570514128723994,37455441550005256725384843,0.689208946991212267896287357871
24464312,1771183895,1218094560931248518170067462,1218094578292081834177880864,0.000000001187704268268419127708,37456396249728690143653253,0.689226514877851137441666651284
24464321,1771184003,1218094578292081834177880864,1218094734543575397408190964,0.000000001187734610252488458707,37456426794199873745142076,0.689227083035964249724258934293
24464325,1771184051,1218094734543575397408190964,1218094803988746711587392554,0.000000001187735534924350133679,37457632166913920736845788,0.689249266457611198255506224086
24464326,1771184063,1218094803988746711587392554,1218094821350598856719249840,0.000000001187773731222326439403,37457680324628866971610043,0.689250153310759339220226138423
24464332,1771184135,1218094821350598856719249840,1218094925521850852708614760,0.000000001187775300954325260414,37457611667292153027373124,0.689248894025968339427379305562
24464333,1771184147,1218094925521850852708614760,1218094942883695228379565345,0.000000001187773083592228879259,37457591343230724500594316,0.689248520708986456284605992550
24464338,1771184207,1218094942883695228379565345,1218095029692873717011173435,0.000000001187772472969565335423,37457085083766360315540327,0.689239208140388193157832574798
24464345,1771184291,1218095029692873717011173435,1218095151224091412578134464,0.000000001187756435533635701328,37457086161676907158300697,0.689239232714789373801522742724
24464346,1771184303,1218095151224091412578134464,1218095168585695429959870388,0.000000001187756411743142286961,37457086324978764425080770,0.689239236396812615659257517109
24464347,1771184315,1218095168585695429959870388,1218095185947299770489364458,0.000000001187756430246859501911,37457086970806797181257963,0.689239248958060768401878704026
24464350,1771184351,1218095185947299770489364458,1218095238032115174852159412,0.000000001187756461086387986698,37457442702877183464514764,0.689245797007216109975047402258
24464361,1771184483,1218095238032115174852159412,1218095429011604437564288380,0.000000001187767810032861909765,37457445007950108321817240,0.689245846871517020559849697747
24464371,1771184603,1218095429011604437564288380,1218095602629358616697586436,0.000000001187767874795871541703,37457461986147533819537741,0.689246166055082598589365261432
24464375,1771184651,1218095602629358616697586436,1218095672076498695296467319,0.000000001187768360518444815209,37457469891532441610838814,0.689246314228920020639179710997
24464376,1771184663,1218095672076498695296467319,1218095689438287997798664202,0.000000001187768587188979147375,37457565792153770069047309,0.689248084193015086995615092746
24464377,1771184675,1218095689438287997798664202,1218095706800121998346456348,0.000000001187771621798579651606,37457421313295018555042575,0.689245426236201774727874180826
24464392,1771184855,1218095706800121998346456348,1218095967226657198010274137,0.000000001187767164869926479511,37457451654764198729189453,0.689245994700089958939770440338
24464395,1771184891,1218095967226657198010274137,1218096019312013109823163847,0.000000001187768025909561096480,37457453592272460419797565,0.689246032384341456022980310081
24464398,1771184927,1218096019312013109823163847,1218096071397373942932793929,0.000000001187768087588618066054,37456766592427205921635854,0.689233392558618040979467878060
24464401,1771184963,1218096071397373942932793929,1218096123481781715696180332,0.000000001187746302545712666516,37456691124833894000343140,0.689232005928078650391910286999
24464403,1771184987,1218096123481781715696180332,1218096158204651508631131265,0.000000001187743903230398245796,37456691552661360099123922,0.689232015154755739416714277468
24464405,1771185011,1218096158204651508631131265,1218096192927522687973110374,0.000000001187743912482256853271,37457003488544357743823617,0.689237756610225460462970659137
24464407,1771185035,1218096192927522687973110374,1218096227650684026010859953,0.000000001187753802719034417844,37457171043552518769306548,0.689240841234906032042317747255
24464412,1771185095,1218096227650684026010859953,1218096314458980016144678040,0.000000001187759142891783030283,37457176672233859722406784,0.689240948196437219763765824609
24464413,1771185107,1218096314458980016144678040,1218096331820642565477393477,0.000000001187759279819289304214,37457177186313473169929326,0.689240958333048769901552077499
24464414,1771185119,1218096331820642565477393477,1218096349182305600547310740,0.000000001187759298323006312368,37457225342924261788087368,0.689241845166018163304499921651
24464418,1771185167,1218096349182305600547310740,1218096418629049499110680056,0.000000001187760857261170194722,37471152253005440505539471,0.689498113765967146626678641042
24464421,1771185203,1218096418629049499110680056,1218096470733475683467075849,0.000000001188202468514908190072,37471216851440183545901347,0.689499304510203581131122518855
24464423,1771185227,1218096470733475683467075849,1218096505469820928242256927,0.000000001188204507007739607616,37471237832621101700618908,0.689499691935761882533029165643
24464428,1771185287,1218096505469820928242256927,1218096592310736998566840670,0.000000001188205200897129998339,37471212832243708348346448,0.689499235279153244171368442039
24464429,1771185299,1218096592310736998566840670,1218096609678909367710547657,0.000000001188204368229861529471,37471213007822514615865399,0.689499239187857826394179028284
24464435,1771185371,1218096609678909367710547657,1218096713887949271373540818,0.000000001188204420657059891571,37471233274665673693748096,0.689499616195762721204687295540
24464448,1771185527,1218096713887949271373540818,1218096939674355099685500267,0.000000001188205122612173043603,37471245458408577272582230,0.689499849198911163306036087306
24464450,1771185551,1218096939674355099685500267,1218096974410740236277485849,0.000000001188205413689876315895,37471245523652292439555918,0.689499851755273063247386744479
24464455,1771185611,1218096974410740236277485849,1218097061251707562728086794,0.000000001188205441445451931524,37471883116918645686905346,0.689511587845104245708682810800
24464465,1771185731,1218097061251707562728086794,1218097234936616080370005732,0.000000001188225703015651340631,37471884775968443318262967,0.689511625152385509984753753088
24464469,1771185779,1218097234936616080370005732,1218097304410589497616567919,0.000000001188225707641580747766,37471884479399013735207302,0.689511622406329793832924224262
24464478,1771185887,1218097304410589497616567919,1218097460727042936921103903,0.000000001188225737967116984296,37471885972585466931499216,0.689511655983650162404785532999
24464479,1771185899,1218097460727042936921103903,1218097478095539693874993230,0.000000001188225721519368555580,37471625845151500779843489,0.689506869914673803378946104203
24464485,1771185971,1218097478095539693874993230,1218097582305802010273716571,0.000000001188217512036891860943,37481070155971275414154147,0.689680750851231705311761288613
24464488,1771186007,1218097582305802010273716571,1218097634424069037610434047,0.000000001188516963858256218928,37481070653673099346120559,0.689680762044671991084499040880
24464490,1771186031,1218097634424069037610434047,1218097669169582089414169956,0.000000001188516970026161750449,37481071821268737655991040,0.689680784886231190711214367184
24464494,1771186079,1218097669169582089414169956,1218097738660613331064560370,0.000000001188517025537312981707,37480989863708197710143332,0.689679279453274340916379969713
24464497,1771186115,1218097738660613331064560370,1218097790778775400087928675,0.000000001188514416513205112589,37480989897788381487332110,0.689679282115344571835180431663
24464504,1771186199,1218097790778775400087928675,1218097912387829010430433616,0.000000001188514453520639335693,37480991522715075842129930,0.689679316764715277798813986010
24464506,1771186223,1218097912387829010430433616,1218097947133276635386340124,0.000000001188514462772497943168,37480852513985696282275648,0.689676760253150611390537960688
24464514,1771186319,1218097947133276635386340124,1218098086114561593254101674,0.000000001188510105147126289428,37480853636933692950974851,0.689676786343589531824704863538
24464521,1771186403,1218098086114561593254101674,1218098207723202582830642571,0.000000001188510131581007700106,37480854798239435190907691,0.689676812461564203715624898905
24464525,1771186451,1218098207723202582830642571,1218098277213862180933690504,0.000000001188510142154560305737,37480855461842666015987562,0.689676827386120905316602147650
24464526,1771186463,1218098277213862180933690504,1218098294586528007472319061,0.000000001188510142154560305737,37480856042473380627653282,0.689676838748934262213197143865
24464530,1771186511,1218098294586528007472319061,1218098364077194867844946698,0.000000001188510183787923729180,37481020253144093480496018,0.689679863066466891652339654684
24464532,1771186535,1218098364077194867844946698,1218098398822682010498812057,0.000000001188515369454634651447,37481019985478303258340151,0.689679859497631775333559289720
24464533,1771186547,1218098398822682010498812057,1218098416195425829420480133,0.000000001188515360202776043972,37481020151378954568782230,0.689679863228776945938136577752
24464534,1771186559,1218098416195425829420480133,1218098433568169973011663586,0.000000001188515360202776043972,37481020317279606938775530,0.689679866959922116542713865783
24464535,1771186571,1218098433568169973011663586,1218098450940914441272369733,0.000000001188515360202776043972,37481020483180256045195561,0.689679870691067176124988691299
24464539,1771186619,1218098450940914441272369733,1218098520431895099633064936,0.000000001188515397210210267076,37481019513715011660845161,0.689679855564663935041380682378
24464543,1771186667,1218098520431895099633064936,1218098589922877924947636216,0.000000001188515364828705451107,37480986324477578446445668,0.689679247544421669680048125883
24464544,1771186679,1218098589922877924947636216,1218098607295608867237725260,0.000000001188514286987185641919,37480987931387380712884787,0.689679277792370704069924158830
24464555,1771186811,1218098607295608867237725260,1218098798395673778408247660,0.000000001188514423241829497990,37480989756294932778428722,0.689679318834958587913774863409
24464556,1771186823,1218098798395673778408247660,1218098815768409284647621855,0.000000001188514398009488104435,37480989922195615381762488,0.689679322566102648295327526284
24464558,1771186859,1218098815768409284647621855,1218098867886617520692340818,0.000000001188514416513205112589,37480873282009108606667967,0.689677178240429178401882381877
24464573,1771187039,1218098867886617520692340818,1218099128476881195305452412,0.000000001188510821857767622409,37476219949580397213101773,0.689591559868026227064774502651
24464581,1771187135,1218099128476881195305452412,1218099267441123092166907791,0.000000001188363206450215869836,37476312517698061709474733,0.689593268689680960470411719143
24464586,1771187195,1218099267441123092166907791,1218099354293996858653401670,0.000000001188366116622319209887,37476288237429859272190558,0.689592825285309518612564261275
24464590,1771187243,1218099354293996858653401670,1218099423776255314235717458,0.000000001188365336690644369355,37476288901051054259971767,0.689592840209205082402377229300
24464594,1771187291,1218099423776255314235717458,1218099493258518963568201989,0.000000001188365359820290784644,37476289564672258532066565,0.689592855133100868236795122357
24464597,1771187327,1218099493258518963568201989,1218099545370220224314088382,0.000000001188365369072149185324,37476220421891091856264378,0.689591584886747321903044394276
24464605,1771187423,1218099545370220224314088382,1218099684334511432922478953,0.000000001188363222640968381218,37476223669992939907228384,0.689591650081310847397730867669
24464606,1771187435,1218099684334511432922478953,1218099701705050454215876101,0.000000001188363259648402397526,37476204954973706137591029,0.689591306373912082960941916099
24464610,1771187483,1218099701705050454215876101,1218099771187174318224932683,0.000000001188362695285031684269,37476201946850847475009780,0.689591253731989484165865178511
24464619,1771187591,1218099771187174318224932683,1218099927521954954663962106,0.000000001188362644913801694813,37476194113938562695738388,0.689591115700323498138857303275
24464627,1771187687,1218099927521954954663962106,1218100066486192208583577639,0.000000001188362387660735208783,37476196123085512356955999,0.689591158096180545378217630059
24464630,1771187723,1218100066486192208583577639,1218100118597788059784750616,0.000000001188362408477416920505,37480854791115496932799772,0.689676929712863096000319274026
24464634,1771187771,1218100118597788059784750616,1218100188088556657183458087,0.000000001188510142154560305737,37480951521629132337008473,0.689678712418282713336736833298
24464639,1771187831,1218100188088556657183458087,1218100274952247155854285481,0.000000001188513217472338641497,37480971201343129288142861,0.689679077947249918878469543415
24464642,1771187867,1218100274952247155854285481,1218100327070491793473611254,0.000000001188513824394258783703,37481019730357353973466943,0.689679972991690370953676847421
24464650,1771187963,1218100327070491793473611254,1218100466052668344708467317,0.000000001188515406462068874551,37480999467510461671593726,0.689679605550240326650168753986
24464652,1771187987,1218100466052668344708467317,1218100500798196176247934138,0.000000001188514712572678483828,37480999799311814929999184,0.689679613012530556837020867533
24464661,1771188095,1218100500798196176247934138,1218100657153085067095636287,0.000000001188514782475609564362,37481020505902697846836625,0.689680000150919791934711611248
24464662,1771188107,1218100657153085067095636287,1218100674525861335962844878,0.000000001188515378706493258922,37481020671803346029571212,0.689680003882065739695406136889
24464665,1771188143,1218100674525861335962844878,1218100726644191859896079017,0.000000001188515397210210267076,37481121520822054744130624,0.689681861696231468528139885166
24464670,1771188203,1218100726644191859896079017,1218100813508314743904746909,0.000000001188518609455494876768,37481122482759837722289430,0.689681882788990008315010982187
24464672,1771188227,1218100813508314743904746909,1218100848253966523666966044,0.000000001188518616856981680030,37481150674377403632133268,0.689682402893639245888834921061
24464673,1771188239,1218100848253966523666966044,1218100865626805852270789583,0.000000001188519505035401380155,37481277087034961065445035,0.689684729663577744673830238753
24464678,1771188299,1218100865626805852270789583,1218100952491299178776692432,0.000000001188523542546467655453,37481635979244378592510546,0.689691337231748580194334863336
24464679,1771188311,1218100952491299178776692432,1218100969864364937085364160,0.000000001188534881624292438573,37481638066544331461782289,0.689691376319672477812616762094
24464683,1771188359,1218100969864364937085364160,1218101039356634318066768516,0.000000001188534978768807093275,37481638730144516761387008,0.689691391244345752831179652276
24464684,1771188371,1218101039356634318066768516,1218101056729702590351566342,0.000000001188534974142877892935,37481664835021029466507647,0.689691872293151653217080365721
24464693,1771188479,1218101056729702590351566342,1218101213087437089672410314,0.000000001188535870545171704020,37481808555365128511010559,0.689694523076918919457511947257
24464700,1771188563,1218101213087437089672410314,1218101334699488552323791411,0.000000001188540411592310353095,37481809796196869776849966,0.689694550658603411363856139360
24464707,1771188647,1218101334699488552323791411,1218101456311556182361651558,0.000000001188540451243132572510,37481670747737892994278673,0.689691996698400644483228916215
24464710,1771188683,1218101456311556182361651558,1218101508430824104243381437,0.000000001188536010351034071884,37482223357508544322180808,0.689702167615954597756910970929
24464711,1771188695,1218101508430824104243381437,1218101525804170046677948419,0.000000001188553514867389133049,37482256228525482532151886,0.689702773172365724008159304503
24464713,1771188719,1218101525804170046677948419,1218101560550893146938627712,0.000000001188554569579262526948,37482256560324358407518795,0.689702780634747214527635605918
24464715,1771188743,1218101560550893146938627712,1218101595297617545943855668,0.000000001188554578831120927627,37482256892123234196616651,0.689702788097128927091716832365
24464729,1771188911,1218101595297617545943855668,1218101838524718244577273601,0.000000001188554687210035393832,37482258302018706515819661,0.689702823538762777033639395086
24464737,1771189007,1218101838524718244577273601,1218101977511659963053820972,0.000000001188554680601564989463,37482283647558694383313990,0.689703295363351287505793152377
24464743,1771189079,1218101977511659963053820972,1218102081751947146446923051,0.000000001188555467009540627752,37482284782257871151620890,0.689703320313781675920949965075
24464764,1771189331,1218102081751947146446923051,1218102446593033581814914543,0.000000001188555631340170991267,37482288266145411582613057,0.689703398668827127870883941796
24464765,1771189343,1218102446593033581814914543,1218102463966422990678793813,0.000000001188555568779984689589,37482288432044795792056505,0.689703402400019260909402873949
24464777,1771189487,1218102463966422990678793813,1218102672447116147484932714,0.000000001188555670550428544630,37482290422883985589529623,0.689703447175181616479733293090
24464780,1771189523,1218102672447116147484932714,1218102724567297780299790644,0.000000001188555655130664405634,37482771293873979502439901,0.689712297988504752233041017462
24464781,1771189535,1218102724567297780299790644,1218102741940915041717770971,0.000000001188570889857724516749,37482774342044732930711578,0.689712354758023171719116817258
24464786,1771189595,1218102741940915041717770971,1218102828809012130047085856,0.000000001188571019383743987419,37483771787536443098389436,0.689730712707112059156600025744
24464791,1771189655,1218102828809012130047085856,1218102915679427040520767347,0.000000001188602649637715599488,37483769046249997801975942,0.689730665655474917130618450756
24464795,1771189703,1218102915679427040520767347,1218102985175758347040679302,0.000000001188602554343572542204,37483769709841781791369801,0.689730680580458610506866534706
24464796,1771189715,1218102985175758347040679302,1218103002549842100778129865,0.000000001188602549717643341864,37483769875739707736599986,0.689730684311704367317474861920
24464797,1771189727,1218103002549842100778129865,1218103019923926179221411318,0.000000001188602549717643341864,37483770041637630417831537,0.689730688042950235150385651650
24464798,1771189739,1218103019923926179221411318,1218103037298010582370528976,0.000000001188602568221360350019,37483769723671744330153628,0.689730682870344447010779731499
24464801,1771189775,1218103037298010582370528976,1218103089420264836540670082,0.000000001188602568221360350019,37483799271992601696508779,0.689731228618344127667683096661
24464804,1771189811,1218103089420264836540670082,1218103141542562408794237451,0.000000001188603505743025749880,37482846473369817483372834,0.689713697525426328027720046521
24464808,1771189859,1218103141542562408794237451,1218103211037196115944407317,0.000000001188573299966873669329,37483500297379589736491730,0.689725731623946014536841175868
24464809,1771189871,1218103211037196115944407317,1218103228411158215933079220,0.000000001188594001000353728159,37483501904463546120826200,0.689725761875254916866140320053
24464815,1771189943,1218103228411158215933079220,1218103332654940489206642521,0.000000001188594099686844714042,37484155935357535566110275,0.689737801137993322697639086982
24464819,1771189991,1218103332654940489206642521,1218103402152012892762227356,0.000000001188614822307994650184,37484247149606064871755795,0.689739482266008896438336250867
24464826,1771190075,1218103402152012892762227356,1218103523772195090721663447,0.000000001188617738625975495248,37484248728814514779235425,0.689739516075019931662382077775
24464830,1771190123,1218103523772195090721663447,1218103593269450440871701934,0.000000001188617764399009906849,37484246990339016585911021,0.689739486798309098247727888520
24464834,1771190171,1218103593269450440871701934,1218103662766706532892528623,0.000000001188617708887858675591,37484247653928924260429372,0.689739501723362624652224894817
24464835,1771190183,1218103662766706532892528623,1218103680141021483020652792,0.000000001188617704261929475251,37484247819826386171047714,0.689739505454625700942017374473
24464836,1771190195,1218103680141021483020652792,1218103697515336757860892947,0.000000001188617704261929475251,37484247985723858748460725,0.689739509185888999276414779160
24464837,1771190207,1218103697515336757860892947,1218103714889652357413260858,0.000000001188617722765646483405,37484248151621332384407402,0.689739512917152186588509721332
24464852,1771190387,1218103714889652357413260858,1218103975504417242171338017,0.000000001188617838722273619292,37484250640083452074683150,0.689739568886109322143340705225
24464862,1771190507,1218103975504417242171338017,1218104149247636343414709894,0.000000001188617874496126570656,37484252395140801695053037,0.689739607966817436235373861564
24464863,1771190519,1218104149247636343414709894,1218104166621960430019898264,0.000000001188617852291666160870,37484260098850788359428566,0.689739750405641394159772517014
24464864,1771190531,1218104166621960430019898264,1218104183996288335188602977,0.000000001188618092839988094056,37484670187106262865159489,0.689747299631558452581714391272
24464866,1771190555,1218104183996288335188602977,1218104218745325048973350533,0.000000001188631110204951824016,37484676287671991924423726,0.689747413244033658052956070605
24464871,1771190615,1218104218745325048973350533,1218104305617935308699226724,0.000000001188631330399184944835,37484675170650198545969110,0.689747396081648034282807202544
24464872,1771190627,1218104305617935308699226724,1218104322992457586362043298,0.000000001188631267486546910315,37484412349219873734569296,0.689742560433933338259748779819
24464874,1771190651,1218104322992457586362043298,1218104357741259244418202225,0.000000001188622931562003820962,37484412681014505309500932,0.689742567896472147381814465916
24464878,1771190699,1218104357741259244418202225,1218104427238866149523170139,0.000000001188622963943508636930,37484652333941774339291541,0.689746980599980075155031045142
24464881,1771190735,1218104427238866149523170139,1218104479362407175094599549,0.000000001188630552009486642280,37486055892407697300787547,0.689772810169577144101538124232
24464889,1771190831,1218104479362407175094599549,1218104618363731989332163628,0.000000001188675102792302595844,37486057219573226020325898,0.689772840020209776490389685932
24464892,1771190867,1218104618363731989332163628,1218104670489234729513724084,0.000000001188675102792302595844,37486060782147826579252389,0.689772907610530006117244283814
24464896,1771190915,1218104670489234729513724084,1218104739989915124690216402,0.000000001188675223066463665835,37486061611187482389830168,0.689772925580512952237199897354
24464908,1771191059,1218104739989915124690216402,1218104948491984714197380463,0.000000001188675317127025451378,37484841642334216330263880,0.689750484383039430547057691001
24464914,1771191131,1218104948491984714197380463,1218105052739640083647432903,0.000000001188636581137300972071,37484991545044323603393801,0.689753246789928664561841742398
24464921,1771191215,1218105052739640083647432903,1218105174362402327576935890,0.000000001188641344082189588562,37484997928468473991984592,0.689753369004333261038652835850
24464922,1771191227,1218105174362402327576935890,1218105191737086598230049184,0.000000001188641500042090676705,37484997992218001222946710,0.689753370855954894835804225295
24464927,1771191287,1218105191737086598230049184,1218105278610511816647248839,0.000000001188641529648037889752,37484998821701693915134693,0.689753389512409387229752155690
24464934,1771191371,1218105278610511816647248839,1218105400233320222497013642,0.000000001188641574056958916117,37484988452850556382302235,0.689753203458988717322597494785
24464935,1771191383,1218105400233320222497013642,1218105417608003322856911239,0.000000001188641203982617305466,37484988618747298842813100,0.689753207190279327143400678324
24464936,1771191395,1218105417608003322856911239,1218105434982686747938849808,0.000000001188641203982617305466,37484992894547762957148548,0.689753286550249034014825610939
24464937,1771191407,1218105434982686747938849808,1218105452357372402726143634,0.000000001188641333508636982931,37485000025869109800152539,0.689753418450818722718054232246
24464940,1771191443,1218105452357372402726143634,1218105504481440770377688495,0.000000001188641580224864654433,37486222488525995171975010,0.689775915718262910836244827806
24464944,1771191491,1218105504481440770377688495,1218105573982468560567902306,0.000000001188680353222023150049,37486222949153996612042293,0.689775926908929304381956626457
24464950,1771191563,1218105573982468560567902306,1218105678234018962194425395,0.000000001188680382519575303654,37486223878294208998150987,0.689775948078150569209299192153
24464953,1771191599,1218105678234018962194425395,1218105730359798800894383851,0.000000001188680388687481041971,37486645659950852383282099,0.689783711558730305846154351457
24464957,1771191647,1218105730359798800894383851,1218105799861624056676043848,0.000000001188693768416904106289,37486646462845882605258449,0.689783729047630078667907582712
24464967,1771191767,1218105799861624056676043848,1218105973616208267075820914,0.000000001188693847057701752836,37486649166656166497711538,0.689783785587367637148759058618
24464969,1771191791,1218105973616208267075820914,1218106008367130589835901231,0.000000001188693865561418760990,37486653148343596783099425,0.689783860234214674100883257779
24464978,1771191899,1218106008367130589835901231,1218106164746309920787656221,0.000000001188694050598589462918,37486650990242958989897463,0.689783826632225038899548508198
24464989,1771192031,1218106164746309920787656221,1218106355876434252045591322,0.000000001188693998451750527758,37486652815089099632277152,0.689783867677086659497831533372
24464990,1771192043,1218106355876434252045591322,1218106373251902433273646689,0.000000001188693976583721223506,37486652980984191023207609,0.689783871408437776473476787942
24464991,1771192055,1218106373251902433273646689,1218106390627370939245240432,0.000000001188693976583721223506,37486653146879279149693147,0.689783875139788449359912192449
24465009,1771192271,1218106390627370939245240432,1218106703385847813076165667,0.000000001188694125641442198844,37486656272305569655489314,0.689783944867611187312661513715
24465023,1771192439,1218106703385847813076165667,1218106946642516736814194865,0.000000001188694190698161746013,37486661838206079978535533,0.689784056787074550953775542439
24465025,1771192463,1218106946642516736814194865,1218106981393478565510188818,0.000000001188694263391335987269,37486591991795216434369029,0.689782772915688235926268134790
24465031,1771192535,1218106981393478565510188818,1218107085646175752482225751,0.000000001188692086120626491581,37493269589989492952794082,0.689905651294881572255235369084
24465032,1771192547,1218107085646175752482225751,1218107103024721291826873335,0.000000001188903790231658369937,37493272542176682520163153,0.689905706296558007828423342289
24465038,1771192619,1218107103024721291826873335,1218107207296007944801811016,0.000000001188903922841630709766,37493177164945393078483341,0.689903955279313696458132199041
24465049,1771192751,1218107207296007944801811016,1218107398459570364823567224,0.000000001188900942341384508888,37494140109905698207637621,0.689921682450817197462811236619
24465053,1771192799,1218107398459570364823567224,1218107467975385844235606861,0.000000001188931416281254321386,37495442208690472782542879,0.689945645834095899751048364124
24465060,1771192883,1218107467975385844235606861,1218107589632297241361244783,0.000000001188972732438099389052,37495440040679591336238839,0.689945610692966782018231697293
24465064,1771192931,1218107589632297241361244783,1218107659150533761091784217,0.000000001188972637936972937457,37495411165097225629532302,0.689945082053178060377263136616
24465068,1771192979,1218107659150533761091784217,1218107728668720711639514004,0.000000001188971722002977621703,37495387788802143238458705,0.689944654608924179406415078120
24465074,1771193051,1218107728668720711639514004,1218107832945943565356617369,0.000000001188970998816035077375,37497536841511354336063454,0.689984204637782205793428147445
24465075,1771193063,1218107832945943565356617369,1218107850326477685861824981,0.000000001189039107914642961570,37498287584945862244334009,0.689998020178571813687540270621
24465077,1771193087,1218107850326477685861824981,1218107885088242627091487874,0.000000001189062912946662770499,37499679999221734515763258,0.690023644152897852599437555909
24465080,1771193123,1218107885088242627091487874,1218107937232828098598892458,0.000000001189107078235372767621,37499681681213086194956697,0.690023677141327618222987894114
24465081,1771193135,1218107937232828098598892458,1218107954614357864767484380,0.000000001189107109074901252408,37500458781885569751390252,0.690037977013955305949366447749
24465082,1771193147,1218107954614357864767484380,1218107971996248073982512276,0.000000001189131756026047930884,37500458947766939332090624,0.690037980745804468973858547542
24465091,1771193255,1218107971996248073982512276,1218108128433271810362553151,0.000000001189131827984947797652,37500460431084960782750374,0.690038014155526902015935775125
24465097,1771193327,1218108128433271810362553151,1218108232724636254613539194,0.000000001189131851628586254403,37500458721042126936326223,0.690037986764266197958761495101
24465100,1771193363,1218108232724636254613539194,1218108284870319447302250885,0.000000001189131768361859407517,37500428185365404422844282,0.690037426922256669215016700036
24465102,1771193387,1218108284870319447302250885,1218108319634081175312913436,0.000000001189130793832759991346,37500764619273111742396503,0.690043619195116919584620518435
24465105,1771193423,1218108319634081175312913436,1218108371780193450581758409,0.000000001189141470477513401003,37502688140060524319238524,0.690079017047545151264387186529
24465108,1771193459,1218108371780193450581758409,1218108423928982680638127698,0.000000001189202464896905283518,37501727101489253606660915,0.690061334461431807874021160387
24465118,1771193579,1218108423928982680638127698,1218108597753841712510374838,0.000000001189172049720355020804,37501409071200371152240848,0.690055488997095012315696749283
24465129,1771193711,1218108597753841712510374838,1218108788959593778838790319,0.000000001189161974278190891345,37502804314551037812158059,0.690081170049967496105125519534
24465130,1771193723,1218108788959593778838790319,1218108806342583075696406517,0.000000001189206140968697816372,37502804480430072669448316,0.690081173781900814034884206194
24465131,1771193735,1218108806342583075696406517,1218108823725572697504390554,0.000000001189206140968697816372,37502301221777093989387239,0.690071913708505069173781976133
24465141,1771193855,1218108823725572697504390554,1218108997553149895860580195,0.000000001189190255527587275954,37501918282566837264661605,0.690064873817684110157699706178
24465150,1771193963,1218108997553149895860580195,1218109153996393111471654142,0.000000001189178103725388872292,37502254267452505047681552,0.690071062352426989328080253472
24465169,1771194191,1218109153996393111471654142,1218109484268487031373019122,0.000000001189188842914870439134,37502461959287649667301054,0.690074897119918428955998024321
24465178,1771194299,1218109484268487031373019122,1218109640714060762788973269,0.000000001189195343021799047005,37502092243442901857968563,0.690068099879994956147299944860
24465186,1771194395,1218109640714060762788973269,1218109779775438894393428728,0.000000001189183612693156533169,37501313277577876131766796,0.690053771729801423973071905493
24465192,1771194467,1218109779775438894393428728,1218109884069316550600713681,0.000000001189158894811094484440,37500804994815117924330629,0.690044422600761597763607824163
24465194,1771194491,1218109884069316550600713681,1218109918833473229887028340,0.000000001189142737982133319254,37502129019671407763053677,0.690068787062656952002726029605
24465216,1771194755,1218109918833473229887028340,1218110301252763623365468942,0.000000001189184897019337311524,37502132669025039280130911,0.690068869164682574535163439577
24465218,1771194779,1218110301252763623365468942,1218110336018162995492946554,0.000000001189184843190342228316,37502119510018878162551795,0.690068628374576387152217193943
24465219,1771194791,1218110336018162995492946554,1218110353400856954277700823,0.000000001189184417604849386407,37502133609500503044512754,0.690068888495769527935408405028
24465221,1771194815,1218110353400856954277700823,1218110388166258686578446827,0.000000001189184870945917843945,37502105483547952338401435,0.690068372292717224780744800228
24465235,1771194983,1218110388166258686578446827,1218110631523916080643014002,0.000000001189184083216248000705,37502135673042531872250016,0.690068937317551478471955306304
24465238,1771195019,1218110631523916080643014002,1218110683672033827239254371,0.000000001189184948044738952515,37502136170681631101025767,0.690068948513281266166075056390
24465242,1771195067,1218110683672033827239254371,1218110753202861884785660566,0.000000001189184972716361698986,37502136155639974047681086,0.690068950954335291747554492758
24465245,1771195103,1218110753202861884785660566,1218110805350985511607461123,0.000000001189184960380550222353,37502624328841519880867442,0.690077935765951000490758815431
24465266,1771195355,1218110805350985511607461123,1218111170392665172492471667,0.000000001189200594259221764698,37502627812305042132762793,0.690078014136443207426907520130
24465267,1771195367,1218111170392665172492471667,1218111187775606642507845497,0.000000001189200534342423459331,37502628228988778657253803,0.690078022483372688355984791997
24465268,1771195379,1218111187775606642507845497,1218111205158548553723035671,0.000000001189200552846140674281,37502629788226422979493566,0.690078051854197571657323351246
24465269,1771195391,1218111205158548553723035671,1218111222541491435726234153,0.000000001189200589853574690589,37502629564584585579062943,0.690078048418321654544627108407
24465272,1771195427,1218111222541491435726234153,1218111274690321259123410817,0.000000001189200608357291905539,37502624215448908088409209,0.690077952024225615978991754673
24465273,1771195439,1218111274690321259123410817,1218111292073262550320342098,0.000000001189200423320120996816,37502625774686274129331767,0.690077981395045392254417038203
24465277,1771195487,1218111292073262550320342098,1218111361605033086629487935,0.000000001189200497334989443023,37502643119973812990744662,0.690078303293732431278328931512
24465278,1771195499,1218111361605033086629487935,1218111378987984380621967443,0.000000001189201015439067532498,37502852289655778594549934,0.690082152860986841602652930305
24465284,1771195571,1218111378987984380621967443,1218111483286279070752172704,0.000000001189207695280932291591,37503391727389425426760848,0.690092083445989823431432341749
24465287,1771195607,1218111483286279070752172704,1218111535436179873509904503,0.000000001189224774211794510848,37503392225024753553091407,0.690092094641855502423766210995
24465288,1771195619,1218111535436179873509904503,1218111552819480867899771224,0.000000001189224774211794510848,37504039879958425384509978,0.690104013197241017429917064874
24465290,1771195643,1218111552819480867899771224,1218111587586683993573422335,0.000000001189245322589608683718,37504040211713940339589558,0.690104020661198025443638925935
24465292,1771195667,1218111587586683993573422335,1218111622353888419114531356,0.000000001189245331841467084398,37504040544314264587901397,0.690104028140699821136649916298
24465293,1771195679,1218111622353888419114531356,1218111639737491158170211540,0.000000001189245331841467084398,37504021479174901064972952,0.690103677991521058388002529682
24465294,1771195691,1218111639737491158170211540,1218111657121085308370048207,0.000000001189244721218803540562,37504088041774478574667115,0.690104903528284241431833834213
24465302,1771195787,1218111657121085308370048207,1218111796190094261822460983,0.000000001189246897718524870659,37504085188584015104102318,0.690104856464908933411095404153
24465306,1771195835,1218111796190094261822460983,1218111865724599402532315610,0.000000001189246775131399097101,37504085852095025923621263,0.690104871392830165888199189794
24465315,1771195943,1218111865724599402532315610,1218112022177253249785200615,0.000000001189246836810456066676,37507724129411624933056088,0.690171824693732727240558233461
24465318,1771195979,1218112022177253249785200615,1218112074333201497124929400,0.000000001189362158143186135653,37507724627033941317159439,0.690171835890065588081654368580
24465325,1771196063,1218112074333201497124929400,1218112196030424373355603437,0.000000001189362203961914093384,37507763658127946509302368,0.690172559230987081591024434601
24465335,1771196183,1218112196030424373355603437,1218112369883801916042044986,0.000000001189363468823145808528,37508024911572036686444198,0.690177373505984181889516548836
24465341,1771196255,1218112369883801916042044986,1218112474196566918276199402,0.000000001189371718397009388632,37508025767472198489937645,0.690177393334700517435464917071
24465352,1771196387,1218112474196566918276199402,1218112665436663653434565630,0.000000001189371787926128037777,37508008994193441596565370,0.690177092157377991554767504567
24465353,1771196399,1218112665436663653434565630,1218112682822120707158411103,0.000000001189371175621308345892,37508301235590335850207475,0.690182470542110348965536559263
24465373,1771196639,1218112682822120707158411103,1218113030534023045258006237,0.000000001189380599564415857412,37508304553060735972283543,0.690182545184759299594645653997
24465374,1771196651,1218113030534023045258006237,1218113047919622305293806486,0.000000001189380538502149420310,37508304858276673914005047,0.690182551480902684026830229413
24465378,1771196699,1218113047919622305293806486,1218113117462022392694925708,0.000000001189380580135512843754,37508305521770748591787746,0.690182566409430764409194125619
24465381,1771196735,1218113117462022392694925708,1218113169618825986300873337,0.000000001189380594013300651568,37508306019391310715946992,0.690182577605827018984996357176
24465388,1771196819,1218113169618825986300873337,1218113291318044670758859809,0.000000001189380641594287480302,37509421919865588449777363,0.690203115819181700629769693478
24465389,1771196831,1218113291318044670758859809,1218113308704165567378476751,0.000000001189415973120351970958,37509561428156573730238299,0.690205683562384875173734144482
24465398,1771196939,1218113308704165567378476751,1218113465179846779573597861,0.000000001189420467467633123403,37509531841986922407166172,0.690205145248697693460826485534
24465402,1771196987,1218113465179846779573597861,1218113534724545582634519823,0.000000001189419484200667348016,37509482431656429643097343,0.690204238739656639189945508406
24465403,1771196999,1218113534724545582634519823,1218113552110698001426774528,0.000000001189417897506928056828,37509500340968567276020695,0.690204568979281840590545016312
24465404,1771197011,1218113552110698001426774528,1218113569496858969580413771,0.000000001189418452618440369406,37509500506840882242505892,0.690204572711456854072764599550
24465405,1771197023,1218113569496858969580413771,1218113586883020262771167157,0.000000001189418471122157377560,37509179850354382604713577,0.690198672803071677783748327784
24465411,1771197095,1218113586883020262771167157,1218113691199101461311769369,0.000000001189408340337057673007,37507554476259925799900939,0.690168767418972373128838171397
24465413,1771197119,1218113691199101461311769369,1218113725969623746705213272,0.000000001189356770477563834486,37508948157174055389814047,0.690194413613606894131180524710
24465431,1771197335,1218113725969623746705213272,1218114038915996802055426134,0.000000001189401096131821993860,37508982354911786013242285,0.690195055430571802190797825460
24465439,1771197431,1218114038915996802055426134,1218114178003426331688220798,0.000000001189402095332544156501,37508983681894501762314935,0.690195085287825360609303970705
24465441,1771197455,1218114178003426331688220798,1218114212775287425709099637,0.000000001189402086080685755822,37508984013640165728539771,0.690195092752138639191628044500
24465442,1771197467,1218114212775287425709099637,1218114230161218498707743452,0.000000001189402095332544156501,37508984179512980052593707,0.690195096484295000927033925109
24465446,1771197515,1218114230161218498707743452,1218114299704945579703245142,0.000000001189402118462190571790,37508984843004332035843950,0.690195111412921891158589460247
24465450,1771197563,1218114299704945579703245142,1218114369248677861190349649,0.000000001189402141591836987080,37508985506495625839211812,0.690195126341548670367842532869
24465454,1771197611,1218114369248677861190349649,1218114438792415343169386468,0.000000001189402160095553995234,37508986067577889863620237,0.690195139385685552113613994152
24465457,1771197647,1218114438792415343169386468,1218114490950221840399271203,0.000000001189402169347412602708,37506542763178433132173771,0.690150182683626933766163347173
24465464,1771197731,1218114490950221840399271203,1218114612643851479660357913,0.000000001189324728648056794933,37506553928576171723074418,0.690150392902590170685073189816
24465471,1771197815,1218114612643851479660357913,1218114734337529503739315731,0.000000001189325082862069393741,37506555089703136220921025,0.690150419027077521860746855964
24465473,1771197839,1218114734337529503739315731,1218114769107155105759168689,0.000000001189325073610210786266,37506555421453695154719380,0.690150426491216717472809705214
24465474,1771197851,1218114769107155105759168689,1218114786491968432711610061,0.000000001189325082862069393741,37506545583058837585026475,0.690150246128814037760434985103
24465477,1771197887,1218114786491968432711610061,1218114838646396221553165137,0.000000001189324786802596229298,37506555864396134266115414,0.690150437360864232871904277999
24465479,1771197911,1218114838646396221553165137,1218114873416025519106789009,0.000000001189325101365786401895,37506558982846262519650346,0.690150496102490462746459343180
24465482,1771197947,1218114873416025519106789009,1218114925570475662631267550,0.000000001189325206220183332890,37506559480472088298858142,0.690150507298699644742612235859
24465489,1771198031,1218114925570475662631267550,1218115047264202962788970014,0.000000001189325257325687490038,37506550637329077868518573,0.690150349328714884933333451045
24465492,1771198067,1218115047264202962788970014,1218115099418648944951080813,0.000000001189324947168144184755,37506566134695922603376583,0.690150636544009099537788642920
24465499,1771198151,1218115099418648944951080813,1218115221112415203407719058,0.000000001189325468796739809439,37506859650127385237868907,0.690156042452664486575031332904
24465500,1771198163,1218115221112415203407719058,1218115238497375995635605380,0.000000001189334723298666624449,37506856642740314350937666,0.690155987791676306386534633930
24465506,1771198235,1218115238497375995635605380,1218115342807137595690670724,0.000000001189334673955420924712,37507199691030067274006701,0.690162304504185919462599940744
24465508,1771198259,1218115342807137595690670724,1218115377577378129512611447,0.000000001189345520217581104096,37507214664479889919025137,0.690162581398952923450451635290
24465510,1771198283,1218115377577378129512611447,1218115412347633536640776369,0.000000001189345992062366569788,37507214592178339191793109,0.690162581427962384950092200597
24465516,1771198355,1218115412347633536640776369,1218115516658405511904981248,0.000000001189346022901895054575,38526040844684722988049039,0.708910631558549830799620394828
24465518,1771198379,1218115516658405511904981248,1218115552373145874385753289,0.000000001221652760433992618762,38526035342647858047364214,0.708910531790368780846733898215
24465522,1771198427,1218115552373145874385753289,1218115623802619539688699882,0.000000001221652603152397325668,38526034678323211152024972,0.708910522512342988754596717627
24465524,1771198451,1218115623802619539688699882,1218115659517357327208213633,0.000000001221652566144963309360,38526050814779025402840475,0.708910820922822426659593020304
24465526,1771198475,1218115659517357327208213633,1218115695232111120829203380,0.000000001221653074997182791360,38526052036434508066290775,0.708910844876598944530599055724
24465535,1771198583,1218115695232111120829203380,1218115855948521246836850532,0.000000001221653175739642563476,38526069444993496844586026,0.708911171852482535626904791570
24465538,1771198619,1218115855948521246836850532,1218115909520686875013680890,0.000000001221653673284035065358,38526157492355205109030086,0.708912794206303709110272848193
24465547,1771198727,1218115909520686875013680890,1218116070237565197066080384,0.000000001221656520800496288223,38526158348119949667357859,0.708912816583764371358711287030
24465552,1771198787,1218116070237565197066080384,1218116159524730966296981841,0.000000001221656512987815727714,38525834186807251975049555,0.708906855168730198890614246920
24465567,1771198967,1218116159524730966296981841,1218116427384013739534448205,0.000000001221646322374030857799,38525833826847226581902479,0.708906859596897476194499176927
24465571,1771199015,1218116427384013739534448205,1218116498813165092781212438,0.000000001221646214744076530678,38525833258327961154210080,0.708906852082802463321797858953
24465578,1771199099,1218116498813165092781212438,1218116623814188195007032393,0.000000001221646220691699935969,38525884957630061783710100,0.708907808591100474515656060248
24465594,1771199291,1218116623814188195007032393,1218116909531244011099245013,0.000000001221647941372176355192,38525889949866963703990046,0.708907912240901327827202749177
24465597,1771199327,1218116909531244011099245013,1218116963103206379394353268,0.000000001221647980307080992273,38525629724018584999548887,0.708903125869162820116287093697
24465604,1771199411,1218116963103206379394353268,1218117088103616738008893728,0.000000001221639768181216301324,38525630857342353666065363,0.708903151880636017700965112454
24465607,1771199447,1218117088103616738008893728,1218117141675226680064531209,0.000000001221639764656698766114,38525714388670992847213685,0.708904691135790465672528171126
24465610,1771199483,1218117141675226680064531209,1218117195246955132197647741,0.000000001221642416856146389857,38525725126200550496286558,0.708904890933839793021320474509
24465611,1771199495,1218117195246955132197647741,1218117213104203450144481980,0.000000001221642731419336769250,38521557500151425453305076,0.708828212248278077822760678828
24465613,1771199519,1218117213104203450144481980,1218117248814837357551176044,0.000000001221510596375689367467,38521509535112285373539746,0.708827331085775558250361427781
24465632,1771199747,1218117248814837357551176044,1218117588065489274311975101,0.000000001221509224178986033920,38521506668708234446100290,0.708827292335735936745777507895
24465643,1771199879,1218117588065489274311975101,1218117784473790006420016829,0.000000001221509062249328048451,38521508620586994830643092,0.708827336353772263777273110463
24465647,1771199927,1218117784473790006420016829,1218117855895001743290383805,0.000000001221509060567171900402,38521523594075342581753334,0.708827614824366292189949945168
24465659,1771200071,1218117855895001743290383805,1218118070158745364781636933,0.000000001221509607968802143482,38521525567225151324453868,0.708827659970354240215328900376
24465660,1771200083,1218118070158745364781636933,1218118088014059949038123999,0.000000001221509578671249989877,38521525731654275216097746,0.708827663732519486217142912210
24465666,1771200155,1218118088014059949038123999,1218118195145953408099956253,0.000000001221509621846589951297,38521181661135093212056310,0.708821336688951419979787260672
24465670,1771200203,1218118195145953408099956253,1218118266566583020816530883,0.000000001221498693859679463003,38521112219297010362317249,0.708820061848228766265833655780
24465672,1771200227,1218118266566583020816530883,1218118302276835022784722009,0.000000001221496468787701012350,38521116840140743648459318,0.708820148352085288578905419854
24465673,1771200239,1218118302276835022784722009,1218118320131963558180303350,0.000000001221496607565579090495,38521119867698878844460335,0.708820204798149111624638862850
24465681,1771200335,1218118320131963558180303350,1218118462973012489814686300,0.000000001221496769473103377133,38521170900452841024924009,0.708821150059110505203818775044
24465684,1771200371,1218118462973012489814686300,1218118516538481120959239280,0.000000001221498340747078529325,38521184426557764958053633,0.708821401170775411415547750948
24465687,1771200407,1218118516538481120959239280,1218118570103970916263844645,0.000000001221498772500477109550,38521512170139150942483790,0.708827434390311150735897172126
24465690,1771200443,1218118570103970916263844645,1218118623669918809703645378,0.000000001221509165421568624601,38521512663426666895724439,0.708827445676806777719036745111
24465697,1771200527,1218118623669918809703645378,1218118748657141321969723190,0.000000001221509216527072988545,38521494371034850918923620,0.708827114221558751694374223007
24465704,1771200611,1218118748657141321969723190,1218118873644317307114738030,0.000000001221508634981679058494,38521496536733392476964129,0.708827159228750613984004758095
24465707,1771200647,1218118873644317307114738030,1218118927210256809556768867,0.000000001221508671989113281597,38521502103483154811849522,0.708827263875279167670839797211
24465708,1771200659,1218118927210256809556768867,1218118945065573080762762947,0.000000001221508820018849967217,38521030595307126027999571,0.708818588087014811449648732378
24465709,1771200671,1218118945065573080762762947,1218118962920671062304835981,0.000000001221493869015451543912,38521032191294969474522287,0.708818618191007443485318617604
24465716,1771200755,1218118962920671062304835981,1218119087906369439580784248,0.000000001221493980037754006427,38521123800302195860022907,0.708820309101788059713555867347
24465720,1771200803,1218119087906369439580784248,1218119159326944118961053121,0.000000001221496857365759631155,38521124458021754225247853,0.708820324150413294539418984641
24465722,1771200827,1218119159326944118961053121,1218119195037233638697959747,0.000000001221496857365759631155,38520533976586225853769527,0.708809460280087066941234752449
24465730,1771200923,1218119195037233638697959747,1218119337876212606979358307,0.000000001221478191741158120711,38520535292034109612463686,0.708809490377229178825757571758
24465742,1771201067,1218119337876212606979358307,1218119552134719781618364138,0.000000001221478268839979229281,38521551949442603213549026,0.708828207380360453271350706927
24465746,1771201115,1218119552134719781618364138,1218119623556115495196529649,0.000000001221510434468164874033,37502282842571018428454532,0.690072005750387851286120621808
24465757,1771201247,1218119623556115495196529649,1218119814768053351142227948,0.000000001189189681071279674402,37502957886349652985119148,0.690084435110422278469854973082
24465759,1771201271,1218119814768053351142227948,1218119849534489245888371345,0.000000001189211007446289158906,37503920000640996152221555,0.690102140912289385710209899116
24465762,1771201307,1218119849534489245888371345,1218119901685482814458771404,0.000000001189241526243654874078,37503920498274753399468043,0.690102152108217570258830164676
24465764,1771201331,1218119901685482814458771404,1218119936452813561897285332,0.000000001189241538579466350711,37503921115879983698847597,0.690102164832255948745398654864
24465768,1771201379,1218119936452813561897285332,1218120005987479178820197182,0.000000001189241570960971166680,37503922019843283319019937,0.690102184184855027559990503505
24465770,1771201403,1218120005987479178820197182,1218120040754814313767809253,0.000000001189241584838758974494,37503981844746419499751305,0.690103286370339463751122366375
24465771,1771201415,1218120040754814313767809253,1218120058138509983162492375,0.000000001189243462966042436581,37504107046326933382731367,0.690105590959428027986177767161
24465772,1771201427,1218120058138509983162492375,1218120075522263933575639159,0.000000001189247441265213872195,37505069051968703392558405,0.690123294083025307088519184617
24465776,1771201475,1218120075522263933575639159,1218120145059065836228769852,0.000000001189277972398391064000,37505069811662164565029415,0.690123310781078358466800182214
24465778,1771201499,1218120145059065836228769852,1218120179827468980390107281,0.000000001189277981650249671475,37506031497777636710389630,0.690141008704800218431785197026
24465785,1771201583,1218120179827468980390107281,1218120301520008098931860065,0.000000001189308516748509064542,37506994597258627068207826,0.690158736035458075797066612722
24465786,1771201595,1218120301520008098931860065,1218120318905103948990208931,0.000000001189338997657311431301,37506995725095767583152533,0.690158757469191974642797049455
24465787,1771201607,1218120318905103948990208931,1218120336290200569940512765,0.000000001189339034664745447610,37506995890970588554208043,0.690158761201278614372256470233
24465789,1771201631,1218120336290200569940512765,1218120371060394709976300852,0.000000001189339053168462662559,37506998627626214421728174,0.690158812919573483313229189662
24465793,1771201679,1218120371060394709976300852,1218120440600791041439804567,0.000000001189339159564835717940,37507013587114454086675861,0.690159090917017437050162698142
24465796,1771201715,1218120440600791041439804567,1218120492756111697205635794,0.000000001189339626783691983292,37507026553864224918026899,0.690159331565160960586524652172
24465798,1771201739,1218120492756111697205635794,1218120527526338728920679053,0.000000001189340024613609209571,37508052266610275826555270,0.690178207682455302496293825243
24465800,1771201763,1218120527526338728920679053,1218120562297517622062527449,0.000000001189372554148230726658,37508052598357825165646849,0.690178215146704521210097027506
24465802,1771201787,1218120562297517622062527449,1218120597068697815286367312,0.000000001189372563400089127337,37508058598013102298573422,0.690178326909537509514791508991
24465804,1771201811,1218120597068697815286367312,1218120631839884562926608400,0.000000001189372748437260036060,37508078142793916369009414,0.690178687924385747542999069992
24465815,1771201943,1218120631839884562926608400,1218120823081529069198965679,0.000000001189373448214196738160,37508081925877436343697574,0.690178765015230011314883995510
24465818,1771201979,1218120823081529069198965679,1218120875238351678685755059,0.000000001189373500921754527199,37508082423498674795354000,0.690178776211607281076965136890
24465819,1771201991,1218120875238351678685755059,1218120892623959942108454374,0.000000001189373507089660058720,37508082589372402695847705,0.690178779943732889634588900662
24465826,1771202075,1218120892623959942108454374,1218121014323225272065729952,0.000000001189373557314035090561,37507685440923509644668799,0.690171476853346677060585534491
24465829,1771202111,1218121014323225272065729952,1218121066479504738212841262,0.000000001189360930729953309664,37507703831904146107090091,0.690171817316160285393777940044
24465833,1771202159,1218121066479504738212841262,1218121136021248264989146652,0.000000001189361521306923514165,37508258236305620546965358,0.690182021965143777109119582747
24465853,1771202411,1218121136021248264989146652,1218121501120863402869830647,0.000000001189379245004212757433,37508262242382137677142638,0.690182109958615508382706593693
24465854,1771202423,1218121501120863402869830647,1218121518506563948219616970,0.000000001189379206234519870122,37508259393613017234045323,0.690182058216486260526778551139
24465855,1771202435,1218121518506563948219616970,1218121535892263421256010439,0.000000001189379113715934415761,37508283610453230143038734,0.690182504524988971184029651340
24465856,1771202447,1218121535892263421256010439,1218121553277974367337436580,0.000000001189379872368334645216,37508283776326767405588113,0.690182508257122018235918403661
24465882,1771202759,1218121553277974367337436580,1218122005306548061119779985,0.000000001189380096547983927909,37508288089038637814879701,0.690182605292606332625382492552
24465883,1771202771,1218122005306548061119779985,1218122022692267782843428467,0.000000001189380020398071330835,37508576859087077496370077,0.690187919804852278993223535508
24465888,1771202831,1218122022692267782843428467,1218122109621539362364265673,0.000000001189389213044715103055,37508577688453297273208932,0.690187938465571360069361617207
24465890,1771202855,1218122109621539362364265673,1218122144393250500020920211,0.000000001189389216745458504685,37508575518859813765600822,0.690187899901187451590089949605
24465895,1771202915,1218122144393250500020920211,1218122231322527658442446114,0.000000001189389168635794076689,37508570660565163512618327,0.690187813899813096263358147553
24465901,1771202987,1218122231322527658442446114,1218122335637654925844193329,0.000000001189389025540382064441,37508972248329821772177614,0.690195207516796971347616818093
24465903,1771203011,1218122335637654925844193329,1218122370409738285536777074,0.000000001189401725258202752646,37508972580075517499081146,0.690195214981112803442897529749
24465906,1771203047,1218122370409738285536777074,1218122422567865647493790560,0.000000001189401743761919760800,37508973217090242301639172,0.690195228742588540171709610149
24465909,1771203083,1218122422567865647493790560,1218122474725996128582954670,0.000000001189401762265636768954,37508973907120091205991132,0.690195243479739595215960434871
24465910,1771203095,1218122474725996128582954670,1218122492112040438415634261,0.000000001189401762265636768954,37508974072992902224769697,0.690195247211897733308205715730
24465918,1771203191,1218122492112040438415634261,1218122631200404465480767556,0.000000001189401833967540511594,37508975881007516619064598,0.690195285920922385614062477543
24465930,1771203335,1218122631200404465480767556,1218122839832990340378436188,0.000000001189401924173161262388,37509674852145490664636086,0.690208155711052540048910941550
24465937,1771203419,1218122839832990340378436188,1218122961537616498143294304,0.000000001189424046027773917710,37509700084749332638505964,0.690208624790604741150445988751
24465940,1771203455,1218122961537616498143294304,1218123013696780803919480983,0.000000001189424811729209217585,37508834727970009676587032,0.690192702874547037161789830861
24465949,1771203563,1218123013696780803919480983,1218123170170677152090698216,0.000000001189397424171966619884,37508836220826899929584479,0.690192736463928091517061602644
24465968,1771203791,1218123170170677152090698216,1218123500504537485790588289,0.000000001189397555104701434380,37508839372413555866177765,0.690192807374852446145041540149
24465969,1771203803,1218123500504537485790588289,1218123517890534077210335470,0.000000001189397506410709177051,37508839538286534432114698,0.690192811107005810278280932835
24465988,1771204031,1218123517890534077210335470,1218123848224517922807846982,0.000000001189397660283724776385,37508842689873132941551752,0.690192882017933828642242133355
24465989,1771204043,1218123848224517922807846982,1218123865610521014855322436,0.000000001189397598929294424617,37508842855746110933697328,0.690192885750087303797783988557
24465990,1771204055,1218123865610521014855322436,1218123882996524431934265042,0.000000001189397617433011639567,37508862271502835129734282,0.690193243711077819568799895933
24465991,1771204067,1218123882996524431934265042,1218123900382537096702014524,0.000000001189398228055675183403,37508862437375788470116451,0.690193247443232182902761451260
24465994,1771204103,1218123900382537096702014524,1218123952540576810540592021,0.000000001189398252727297929873,37509728790439798981448932,0.690209191773313190942928940785
24466008,1771204271,1218123952540576810540592021,1218124195950413649488456203,0.000000001189425815776142913592,37509731112648995578062287,0.690209244023916035359889065148
24466011,1771204307,1218124195950413649488456203,1218124248109673957880785100,0.000000001189425798594119903593,37509760472783003124163676,0.690209786337266262279399597901
24466015,1771204355,1218124248109673957880785100,1218124317655412279044780217,0.000000001189426737657761634637,37509757797497162153878334,0.690209739829882540362859799643
24466018,1771204391,1218124317655412279044780217,1218124369814714905457346452,0.000000001189426643597199849094,37509758434509636065874885,0.690209753591446095732919729926
24466021,1771204439,1218124369814714905457346452,1218124439360456395961466500,0.000000001189426672894751795904,37509766067811618049091985,0.690209896770377695496279102372
24466023,1771204463,1218124439360456395961466500,1218124474133335706506504096,0.000000001189426899565286128070,37509766399555717703447118,0.690209904234751481233445247199
24466034,1771204607,1218124474133335706506504096,1218124682770634260347268748,0.000000001189426992083871375637,37509768582428795998985422,0.690209952561624984213040079339
24466037,1771204643,1218124682770634260347268748,1218124734929967517782466978,0.000000001189426982832012974957,37509767681173841041839618,0.690209938016704493968234146450
24466038,1771204655,1218124734929967517782466978,1218124752316412015497571107,0.000000001189426945824578751854,37509767847045884033265714,0.690209941748891497859119681380
24466039,1771204667,1218124752316412015497571107,1218124769702856838256184646,0.000000001189426945824578751854,37509768012917908833759795,0.690209945481078390727702753793
24466047,1771204763,1218124769702856838256184646,1218124908794424969121909423,0.000000001189427008274623887019,37509769436100841092914754,0.690209977108931949096870539506
24466053,1771204835,1218124908794424969121909423,1218125013113115447969471762,0.000000001189427038343164206215,37509770527540631098898192,0.690210001272428597118846482772
24466057,1771204883,1218125013113115447969471762,1218125082658916087320889979,0.000000001189427056846881214369,37510260424649382657907136,0.690219018888290958280151699000
24466062,1771204943,1218125082658916087320889979,1218125169592307850602018272,0.000000001189442596268482564930,37510925121387031470336850,0.690231253779193365538446869323
24466078,1771205135,1218125169592307850602018272,1218125447784132767923765532,0.000000001189463768221562083947,37510079556778615773016714,0.690215704905944749114610203833
24466090,1771205279,1218125447784132767923765532,1218125656423339934845746217,0.000000001189436922412036239266,37510100805096278298720112,0.690216104067956415235585154733
24466092,1771205303,1218125656423339934845746217,1218125691196564301578720593,0.000000001189437511447029698995,37510101136839702792247712,0.690216111532354736901595515519
24466093,1771205315,1218125691196564301578720593,1218125708583177010959502614,0.000000001189437511447029698995,37509840404907520012000353,0.690211314324134517228515051102
24466096,1771205351,1218125708583177010959502614,1218125760742654066115528970,0.000000001189429264957118988049,37508810993902677151875139,0.690192373540758352667978670070
24466101,1771205411,1218125760742654066115528970,1218125847672735034194094302,0.000000001189396636736006485080,37508811823267729082861771,0.690192392201523507999638695765
24466102,1771205423,1218125847672735034194094302,1218125865058752356674891059,0.000000001189396636736006485080,37508811998781234329896398,0.690192396111077521858589989279
24466105,1771205459,1218125865058752356674891059,1218125917216806057057093534,0.000000001189396649071817961713,37508813465409806139568226,0.690192425138875242929259457014
24466112,1771205543,1218125917216806057057093534,1218126038918944801739150846,0.000000001189396731897979935753,37508521973050733359768996,0.690187065967862611870486944099
24466118,1771205615,1218126038918944801739150846,1218126143234262731175596752,0.000000001189387480480006196697,37508503863875172565575209,0.690186736808644729634920622630
24466119,1771205627,1218126143234262731175596752,1218126160620141527312908691,0.000000001189386866773389783702,37508503596840091603863554,0.690186732574573413856455772475
24466121,1771205651,1218126160620141527312908691,1218126195391899616463512345,0.000000001189386866773389783702,37508878280123853825328084,0.690193628711327833435973388987
24466122,1771205663,1218126195391899616463512345,1218126212777952705828353659,0.000000001189398727656036264723,37508888080651614949930128,0.690193809736682317712563872192
24466127,1771205723,1218126212777952705828353659,1218126299708244588487254566,0.000000001189399079226660660424,37508888910016250608106947,0.690193828397461683898939099890
24466128,1771205735,1218126299708244588487254566,1218126317094304093887404293,0.000000001189399079226660660424,37508889028026340522444362,0.690193831248863909344493094977
24466130,1771205759,1218126317094304093887404293,1218126351866423958530073459,0.000000001189399088478519267899,37507650933231173868956607,0.690171049665670888195734278270
24466131,1771205771,1218126351866423958530073459,1218126369251910383347630212,0.000000001189359814339023152986,37507651051245669891438200,0.690171052517086880406793625298
24466133,1771205795,1218126369251910383347630212,1218126404022884086780094927,0.000000001189359832842740161141,37507651382993993920184205,0.690171059981309675812610748835
24466134,1771205807,1218126404022884086780094927,1218126421408371464464580461,0.000000001189359832842740161141,37507651548868167131375810,0.690171063713421184537821773120
24466135,1771205819,1218126421408371464464580461,1218126438793859167166006726,0.000000001189359832842740161141,37507651517870680055146198,0.690171063822776043039652904554
24466140,1771205879,1218126438793859167166006726,1218126525721301330801818092,0.000000001189359869850174384244,37507825188585784107834278,0.690174262903599178287095128326
24466153,1771206035,1218126525721301330801818092,1218126751733726482386162408,0.000000001189365445162466000750,37507546147636474969678432,0.690169136936454097330795320886
24466154,1771206047,1218126751733726482386162408,1218126769119170044169240052,0.000000001189356502173666285671,37507546313510757464698378,0.690169140668561942320025082154
24466156,1771206071,1218126769119170044169240052,1218126803890058065896667224,0.000000001189356511425524893146,37507869725478184987132810,0.690175093330635980315435062948
24466162,1771206143,1218126803890058065896667224,1218126908203627530990891505,0.000000001189366796408266814840,37507870720721927505591582,0.690175115723353105323667477933
24466163,1771206155,1218126908203627530990891505,1218126925589223771623583860,0.000000001189366790240361076523,37507873916836808885934327,0.690175175216800940170003286767
24466165,1771206179,1218126925589223771623583860,1218126960360419960209182684,0.000000001189366892010805138359,37507917194124076543115835,0.690175972913652957529961895489
24466167,1771206203,1218126960360419960209182684,1218126995131657260990792158,0.000000001189368270537727312330,37508028591179831492386267,0.690178024158996317183323299105
24466169,1771206227,1218126995131657260990792158,1218127029902998823539049074,0.000000001189371804747689104677,37504374205306745289564959,0.690110778914533540273623657413
24466170,1771206239,1218127029902998823539049074,1218127047286976100962390465,0.000000001189255915967635246488,37504374371184207666530409,0.690110782646527365358224415104
24466171,1771206251,1218127047286976100962390465,1218127064670953703361005822,0.000000001189255915967635246488,37504379346065418365804005,0.690110874871959434351254003559
24466180,1771206359,1218127064670953703361005822,1218127221126784042463585981,0.000000001189256144180145909836,37504660720735088547624903,0.690116058736785498162191743177
24466184,1771206407,1218127221126784042463585981,1218127290663236777657504336,0.000000001189265024422366373112,37504853748262111162691988,0.690119613473611615006575448206
24466185,1771206419,1218127290663236777657504336,1218127308047440053565976919,0.000000001189271126023072611133,37504991869215183219270521,0.690122155801973002908766829933
24466188,1771206455,1218127308047440053565976919,1218127360200243434825616688,0.000000001189275517571925618818,37505038534842396062063924,0.690123016563777613718855263869
24466197,1771206563,1218127360200243434825616688,1218127516658861649377546431,0.000000001189277047212537347566,37505040027733604768547489,0.690123050151940309326903388865
24466198,1771206575,1218127516658861649377546431,1218127534043154494572994814,0.000000001189277028708820132617,37505040193610389469030829,0.690123053883958337273440974968
24466201,1771206611,1218127534043154494572994814,1218127586196034749401699654,0.000000001189277047212537347566,37505127256534780855292484,0.690124658021370906979541359760
24466209,1771206707,1218127586196034749401699654,1218127725270715854377591363,0.000000001189279850525674526087,37505128583548480138118753,0.690124687877541220792920739768
24466210,1771206719,1218127725270715854377591363,1218127742655052724036841556,0.000000001189279841273815918612,37504969046890604193276032,0.690121752824684131510935003462
24466220,1771206839,1218127742655052724036841556,1218127916497695583313356544,0.000000001189274850821320311251,37504552850947221515311418,0.690114100942314068198868426407
24466224,1771206887,1218127916497695583313356544,1218127986033988014768170470,0.000000001189261601234707250076,37504559089484220785848090,0.690114218455337269375604591914
24466226,1771206911,1218127986033988014768170470,1218128020802141502400014842,0.000000001189261781645948751664,37504559421238764901034202,0.690114225919338686310311459238
24466227,1771206923,1218128020802141502400014842,1218128038186218772126409428,0.000000001189261781645948751664,37504559587116010172315848,0.690114229651339394777664892899
24466228,1771206935,1218128038186218772126409428,1218128055570296366830692082,0.000000001189261800149665759818,37504559752993285350137548,0.690114233383339992222715864045
24466236,1771207031,1218128055570296366830692082,1218128194642926670826254563,0.000000001189261855660816991076,37504560670063917210001624,0.690114255695979950111507150723
24466238,1771207055,1218128194642926670826254563,1218128229411087577891223078,0.000000001189261837157099982922,37504291582153257354319853,0.690109305402219264102825491136
24466247,1771207163,1218128229411087577891223078,1218128385866701393521089767,0.000000001189253360398710029190,37505686821681281422591145,0.690134985055878558135589173617
24466248,1771207175,1218128385866701393521089767,1218128403251306444863330584,0.000000001189297530827341681705,37506042868403579905266517,0.690141537571435481623893792857
24466251,1771207211,1218128403251306444863330584,1218128455405618190998514745,0.000000001189308842766381381668,37506041819738326584549855,0.690141520313310996570521638205
24466263,1771207355,1218128455405618190998514745,1218128664022881672551764346,0.000000001189308885941721343088,37506043810247818025210555,0.690141565097964093666860208032
24466264,1771207367,1218128664022881672551764346,1218128681407656164704694781,0.000000001189308855102192858301,37506043976123603283345859,0.690141568830018314884000574239
24466267,1771207403,1218128681407656164704694781,1218128733561981360485757099,0.000000001189308879773815604772,37506051442548613147988066,0.690141708257698938133728461253
24466268,1771207415,1218128733561981360485757099,1218128750946760382799103229,0.000000001189309095650514791487,37506051608424390124961797,0.690141711989753270373171289975
24466269,1771207427,1218128750946760382799103229,1218128768331539730109586681,0.000000001189309095650514791487,37506051774300172472696700,0.690141715721807713634916581213
24466270,1771207439,1218128768331539730109586681,1218128785716319402417216780,0.000000001189309114154231799641,37506051940175951552987636,0.690141719453862378941266797483
24466274,1771207487,1218128785716319402417216780,1218128855255440880299524037,0.000000001189309137283878214930,37506052603679089969802509,0.690141734382080707099760275014
24466275,1771207499,1218128855255440880299524037,1218128872640222177592985942,0.000000001189309132657949014590,37506052769554869989282137,0.690141738114135150361505566252
24466280,1771207559,1218128872640222177592985942,1218128959564132770151825216,0.000000001189309173366126432530,37506053598060964051390449,0.690141756758346880396004507929
24466283,1771207595,1218128959564132770151825216,1218129011718483255099914054,0.000000001189309182001194507532,37506063004528561723315778,0.690141931891600446391521472833
24466285,1771207619,1218129011718483255099914054,1218129046488060205779147250,0.000000001189309474976714802817,37505842619914656619282424,0.690137877817088685183932739164
24466288,1771207655,1218129046488060205779147250,1218129098642121034967369032,0.000000001189302495991424010122,37505577904015712148480689,0.690133008654738255849281358678
24466298,1771207775,1218129098642121034967369032,1218129272487779582765610826,0.000000001189294157599718377287,37505347766555700000259630,0.690128780549072673444754855154
24466301,1771207811,1218129272487779582765610826,1218129324641161965517926383,0.000000001189286798671436833995,37505482918450606118443773,0.690131269601820918069279287010
24466302,1771207823,1218129324641161965517926383,1218129342025685901515017362,0.000000001189291073030081640847,37505483084326936640267160,0.690131273333855155271976400400
24466306,1771207871,1218129342025685901515017362,1218129411563784434082202590,0.000000001189291100785657256476,37505483747832362088423750,0.690131288261992215105067316472
24466307,1771207883,1218129411563784434082202590,1218129428948309995029552421,0.000000001189291091533798855797,37505539663214218001385428,0.690132317830097430366720345774
24466308,1771207895,1218129428948309995029552421,1218129446332861721954142425,0.000000001189292867890638256047,37505539829090513072191349,0.690132321562133665970861784444
24466312,1771207943,1218129446332861721954142425,1218129515871071418239004282,0.000000001189292900272143072016,37505540492595711132225813,0.690132336490278830432032464159
24466318,1771208015,1218129515871071418239004282,1218129620178395251069438000,0.000000001189292938821553626301,37505546284639651995138455,0.690132447151137751184535318316
24466326,1771208111,1218129620178395251069438000,1218129759254862399808283403,0.000000001189293138507500508429,37505547611649989356408279,0.690132477007431743842857940763
24466327,1771208123,1218129759254862399808283403,1218129776639422524964182932,0.000000001189293126942677197387,37505547462088279471375689,0.690132474934897821583490440389
24466330,1771208159,1218129776639422524964182932,1218129828793104181081809166,0.000000001189293133110582935703,37505547959717151320015973,0.690132486131007749641241844074
24466331,1771208171,1218129828793104181081809166,1218129846177665459989936636,0.000000001189293126942677197387,37505548125593437627683212,0.690132489863044207289988207776
24466338,1771208255,1218129846177665459989936636,1218129967869601897469617773,0.000000001189293187740604834857,37505549426101220249483916,0.690132518551891949165622008877
24466339,1771208267,1218129967869601897469617773,1218129985254165840908451733,0.000000001189293182453828428645,37505792947186480096996912,0.690137000414412282722764757636
24466342,1771208303,1218129985254165840908451733,1218130037408197790384729182,0.000000001189300917007566788432,37505796205277157751328958,0.690137062407536472363744906033
24466353,1771208435,1218130037408197790384729182,1218130228639683988152181743,0.000000001189301088587488719558,37505798126096012656696250,0.690137105229953973228873564949
24466376,1771208711,1218130228639683988152181743,1218130628487454434906993290,0.000000001189301251683493082218,37505785216292722712872191,0.690136883314332982841676766839
24466379,1771208747,1218130628487454434906993290,1218130680641503174036444881,0.000000001189300670291339116930,37504834448666420667213947,0.690119389685796447153620647441
24466381,1771208771,1218130680641503174036444881,1218130715409988840926908217,0.000000001189270515400409067297,37504834876597905926846765,0.690119398919640358869287410926
24466383,1771208795,1218130715409988840926908217,1218130750178475896906274705,0.000000001189270533904126075451,37504836958124224124432737,0.690119438582313393659717348783
24466384,1771208807,1218130750178475896906274705,1218130767562720761867432625,0.000000001189270589415277306709,37504875368623613171577335,0.690120146077457086164486099733
24466385,1771208819,1218130767562720761867432625,1218130784946983678961408253,0.000000001189271810660604394381,37504875534500570280581208,0.690120149809469785040505485085
24466387,1771208843,1218130784946983678961408253,1218130819715510411210064599,0.000000001189271819912463001856,37504875866254501591693229,0.690120157273495182792544255790
24466393,1771208915,1218130819715510411210064599,1218130924021097484892894286,0.000000001189271863087802756481,37504838648568987706254642,0.690119476485299920831550934963
24466396,1771208951,1218130924021097484892894286,1218130976173842617579707871,0.000000001189270657262240014600,37504867616251878383808895,0.690120011576515368645345915866
24466398,1771208975,1218130976173842617579707871,1218131010942367467389522320,0.000000001189271570112282461196,37504845423940269443278595,0.690119604561160504552219663310
24466401,1771209011,1218131010942367467389522320,1218131063095125743065488754,0.000000001189270873138939201315,37504034648918185066948298,0.690104687681693418355166613765
24466402,1771209023,1218131063095125743065488754,1218131080479003187215378390,0.000000001189245146804296382470,37504034814795971210543354,0.690104691413676030187218657375
24466403,1771209035,1218131080479003187215378390,1218131097862880956337275786,0.000000001189245146804296382470,37504034980673744469368501,0.690104695145658753041573163500
24466404,1771209047,1218131097862880956337275786,1218131115246759050431181803,0.000000001189245165308013390624,37504006677150951200460170,0.690104174994436325718538682850
24466407,1771209083,1218131115246759050431181803,1218131167398355463452516683,0.000000001189244277129593690499,37504033865864397526425921,0.690104677349601125513345323270
24466411,1771209131,1218131167398355463452516683,1218131236933871230734120210,0.000000001189245146804296382470,37504034529375616749849565,0.690104692277531461819251035195
24466413,1771209155,1218131236933871230734120210,1218131271701631217982651152,0.000000001189245146804296382470,37504061875530468397128449,0.690105196850322233359520396334
24466415,1771209179,1218131271701631217982651152,1218131306469417548563469788,0.000000001189246016478999074441,37504064966585351375882325,0.690105255089878966145988670178
24466417,1771209203,1218131306469417548563469788,1218131341237207737016479341,0.000000001189246118249442929482,37504062915881177281413430,0.690105218718961355151009229303
24466420,1771209239,1218131341237207737016479341,1218131393388892028702529587,0.000000001189246059654338829066,37504063413514433365576086,0.690105229914912077227029385540
24466422,1771209263,1218131393388892028702529587,1218131428156683258243186706,0.000000001189246062738291698224,37504064033799545847446093,0.690105242688292097597013707855
24466424,1771209287,1218131428156683258243186706,1218131462924476055152395672,0.000000001189246090493867313853,37504064365555073252040896,0.690105250152259430684864582872
24466426,1771209311,1218131462924476055152395672,1218131497692270151951561596,0.000000001189246099745725921328,37504064697310615462319084,0.690105257616226652750412995374
24466434,1771209407,1218131497692270151951561596,1218131636763457692743447021,0.000000001189246157569841649358,37504066024332827949367646,0.690105287472098094525563283241
24466437,1771209443,1218131636763457692743447021,1218131688915158959245442507,0.000000001189246158340830021744,37504069186055740752418800,0.690105347691627457606955431402
24466438,1771209455,1218131688915158959245442507,1218131706299061343105636020,0.000000001189246238523603999472,37504147863029306931046045,0.690106796169761005366183326259
24466456,1771209671,1218131706299061343105636020,1218132019210003106208701215,0.000000001189248880443208726021,37504124157581867864528763,0.690106372183212579685118726047
24466460,1771209719,1218132019210003106208701215,1218132088745734906385572499,0.000000001189248010254513992588,37502201349141490500541802,0.690070992099745650349973402626
24466461,1771209731,1218132088745734906385572499,1218132106128777215344483090,0.000000001189187008125240247371,37502201515021131234581476,0.690070995831662314934362711938
24466468,1771209815,1218132106128777215344483090,1218132227810080861964727045,0.000000001189187068923167678046,37502183494606350217789603,0.690070668982957990955640070752
24466470,1771209839,1218132227810080861964727045,1218132262576153145015781064,0.000000001189186453013727934793,37502183396463955613687665,0.690070668535899711670822398446
24466472,1771209863,1218132262576153145015781064,1218132297342226329324993488,0.000000001189186453013727934793,37502233253524109659203441,0.690071587345813641789504799817
24466481,1771209971,1218132297342226329324993488,1218132453789775925713843935,0.000000001189188091620673546618,37502234746440583345135647,0.690071620933078277992933635687
24466483,1771209995,1218132453789775925713843935,1218132488555902170908344472,0.000000001189188081340830649424,37504158553371762115740916,0.690107023469198388454515225021
24466486,1771210031,1218132488555902170908344472,1218132540707768572472037101,0.000000001189249094263939540092,37504158079819697042067232,0.690107016793774064034039383841
24466487,1771210043,1218132540707768572472037101,1218132558091724316331194667,0.000000001189249051088599578672,37504061095724330838366090,0.690105232808195134808215698285
24466489,1771210067,1218132558091724316331194667,1218132592859546640022411977,0.000000001189245988723423458812,37504088699504530557962051,0.690105742099602070815933529957
24466493,1771210115,1218132592859546640022411977,1218132662395245444129522803,0.000000001189246886153701559617,37504118702909603145247620,0.690106296929334117606913423515
24466494,1771210127,1218132662395245444129522803,1218132679779184672572161112,0.000000001189247811339555482846,37504118868787322523867920,0.690106300661319949085736880079
24466501,1771210211,1218132679779184672572161112,1218132801466766756286024285,0.000000001189247866850706714104,37504120029931379574230273,0.690106326785222656816642938793
24466502,1771210223,1218132801466766756286024285,1218132818850708584516964686,0.000000001189247848346989705949,37504120676692463083835468,0.690106339366245435940072638914
24466504,1771210247,1218132818850708584516964686,1218132853618593584810730783,0.000000001189247885354423722258,37504119791057922538033726,0.690106324428260031744741809234
24466510,1771210319,1218132853618593584810730783,1218132957922252076690599335,0.000000001189247888438376591416,37504120786324257886234620,0.690106346820176907996824411384
24466518,1771210415,1218132957922252076690599335,1218133096993814315950481097,0.000000001189247936239645753176,37504114443419560274719935,0.690106235536932066665372076386
24466522,1771210463,1218133096993814315950481097,1218133166529589629362865956,0.000000001189247700317253020330,37504115106930475526835065,0.690106250464875947692178215220
24466525,1771210499,1218133166529589629362865956,1218133218681424641976614599,0.000000001189247712653064496963,37504101545112430064695679,0.690106002944037122404097317485
24466526,1771210511,1218133218681424641976614599,1218133236065363856165087038,0.000000001189247274731760178422,37504101710990166774985842,0.690106006676022398771408461471
24466536,1771210631,1218133236065363856165087038,1218133409904770411638131976,0.000000001189247348746628624629,37504103369767566007992265,0.690106043995879270269711014407
24466537,1771210643,1218133409904770411638131976,1218133427288713200534839986,0.000000001189247330242911409680,37504103535645301335314521,0.690106047727864879703929545940
24466538,1771210655,1218133427288713200534839986,1218133444672656314405067445,0.000000001189247330242911409680,37504055541959580140927393,0.690105165245438745280637249380
24466541,1771210691,1218133444672656314405067445,1218133496824420406269418151,0.000000001189245825273922634197,37505447538542791455572153,0.690130782288782107514180097496
24466549,1771210787,1218133496824420406269418151,1218133635900963992734978676,0.000000001189290006753385142702,37505081269420484310164585,0.690124048076744878166266516928
24466552,1771210823,1218133635900963992734978676,1218133688054162610868866805,0.000000001189278348640638412967,37505044079463999428519608,0.690123365759802376295795056649
24466554,1771210847,1218133688054162610868866805,1218133722822928453451410527,0.000000001189277167486698210762,37505044411217560299963711,0.690123373223841207746431791747
24466555,1771210859,1218133722822928453451410527,1218133740207311900664785459,0.000000001189277158234839810082,37505044144274085899590153,0.690123368991262142735365614499
24466557,1771210883,1218133740207311900664785459,1218133774976079291918216700,0.000000001189277167486698210762,37505092792190740075615072,0.690124265551436688603814673115
24466558,1771210895,1218133774976079291918216700,1218133792360485909034403622,0.000000001189278694043357070352,37505092372377626206584975,0.690124258506287113767996288516
24466561,1771210931,1218133792360485909034403622,1218133844513706665199204071,0.000000001189278700211262808668,37505101578372927626586759,0.690124429950459750138236358907
24466562,1771210943,1218133844513706665199204071,1218133861898118347293026173,0.000000001189278971599113226641,37505099183265695870610142,0.690124386556202895626199733670
24466565,1771210979,1218133861898118347293026173,1218133914051351551618929646,0.000000001189278916087961995383,37504993219730694113884095,0.690122438780069402675110268319
24466569,1771211027,1218133914051351551618929646,1218133983588802832015823146,0.000000001189275566915171111759,37504992935863609069773420,0.690122436274905548536651167524
24466571,1771211051,1218133983588802832015823146,1218134018357529697642818851,0.000000001189275539159595496130,37505003120585210769073564,0.690122625041580395333085107268
24466573,1771211075,1218134018357529697642818851,1218134053126266997331518311,0.000000001189275862974644276203,37505044097828550373740140,0.690123380448884993221270178765
24466574,1771211087,1218134053126266997331518311,1218134070510655013149017802,0.000000001189277158234839810082,37505044263705339852815799,0.690123384180904353435437315056
24466576,1771211111,1218134070510655013149017802,1218134105279431942853685654,0.000000001189277167486698210762,37505044595458931585457335,0.690123391644943184886074050155
24466580,1771211159,1218134105279431942853685654,1218134174816989394541881094,0.000000001189277195242273826390,37504765475576395454956653,0.690118258330573275394215215783
24466582,1771211183,1218134174816989394541881094,1218134209585510852904578051,0.000000001189268331961794040088,37504730256861992668097280,0.690117611636989147783083353715
24466587,1771211243,1218134209585510852904578051,1218134296506737217324158859,0.000000001189267236541743021454,37495115383146219154292954,0.689940685681902921011499074666
24466590,1771211279,1218134296506737217324158859,1218134348646105912727784444,0.000000001188962335992490131996,37495087041115726116788909,0.689940166179562774928513135819
24466594,1771211327,1218134348646105912727784444,1218134418165215096245385955,0.000000001188961443188141231531,37495086669146873785088049,0.689940162051872585280420935305
24466595,1771211339,1218134418165215096245385955,1218134435544992839625780027,0.000000001188961410806636415562,37492984102507743235582991,0.689901472076555610790649097908
24466599,1771211387,1218134435544992839625780027,1218134505060207953434113268,0.000000001188894760417724683066,37493046304667139951299088,0.689902619413557016692095658073
24466604,1771211447,1218134505060207953434113268,1218134591954376584519900899,0.000000001188896740315452000193,37493527749080990892279065,0.689911482170726730878129728808
24466641,1771211891,1218134591954376584519900899,1218135234979674022636833417,0.000000001188912279436992963165,37493524274529034076330448,0.689911443355974873803404534556
24466675,1771212299,1218135234979674022636833417,1218135825868029694939430153,0.000000001188912143571464586611,37493790038043466431661799,0.689916356924421436680461283686
24466692,1771212503,1218135825868029694939430153,1218136121314409199308730639,0.000000001188920427250218500799,37493540184163582996252046,0.689911770747848263063417562080
24466698,1771212575,1218136121314409199308730639,1218136225588924197238634312,0.000000001188912409879863353897,37494246241112104431366626,0.689924767423498397356240730005
24466700,1771212599,1218136225588924197238634312,1218136260347752392884019528,0.000000001188934765454045411805,37495226692033711774223858,0.689942810680895801667134037416
24466708,1771212695,1218136260347752392884019528,1218136399386710780018736563,0.000000001188965907209886147446,37495516419720583726616460,0.689948147576595283148037651699
24466714,1771212767,1218136399386710780018736563,1218136503666745756458414209,0.000000001188975075801697705667,37495517394016024255254541,0.689948169579811199092489459872
24466721,1771212851,1218136503666745756458414209,1218136625326801006317454013,0.000000001188975116774214130032,37495509832431561264265605,0.689948035195110054296208090818
24466722,1771212863,1218136625326801006317454013,1218136642706806386082350684,0.000000001188974826001517165007,37495505218898578075434613,0.689947950981564250838573570945
24466724,1771212887,1218136642706806386082350684,1218136677466813612579051185,0.000000001188974687223639086862,37495486523670827662353550,0.689947608316996641164564607607
24466756,1771213271,1218136677466813612579051185,1218137233626786832544523217,0.000000001188974349530802498975,37497163797413423485558005,0.689978493261515057888288993126
24466760,1771213319,1218137233626786832544523217,1218137303149911155971717434,0.000000001189027297917218511468,37497164460952121226679140,0.689978508188461625572074353840
24466763,1771213355,1218137303149911155971717434,1218137355292257925181738154,0.000000001189027308711053450124,37498550801682766187018590,0.690004021164460690229702777287
24466767,1771213415,1218137355292257925181738154,1218137442199387168522499401,0.000000001189071289579383484587,37498847170137929797506902,0.690009478225473094070707702485
24466785,1771213631,1218137442199387168522499401,1218137755067576506573887305,0.000000001189080795761233346479,37498989503791720032134080,0.690012109510710236470742984238
24466798,1771213787,1218137755067576506573887305,1218137981028843122038825371,0.000000001189085267571936110115,37499131984644701955450482,0.690014740222519851187144013238
24466827,1771214135,1218137981028843122038825371,1218138485098350328507039231,0.000000001189089921035914398965,37499089436236363423237179,0.690013976961622033101662054833
24466848,1771214399,1218138485098350328507039231,1218138867495612771570844574,0.000000001189088511998160707012,37499090743458878953550847,0.690014015961092241902008481702
24466849,1771214411,1218138867495612771570844574,1218138884877309977145857656,0.000000001189088383313219310367,37499090048205207334541278,0.690014003846576073897267633583
24466853,1771214459,1218138884877309977145857656,1218138954404099990586026052,0.000000001189088378687290110027,37499090711736221679997146,0.690014018773801751649443758652
24466854,1771214471,1218138954404099990586026052,1218138971785798421559314151,0.000000001189088383313219310367,37499092781298236459042124,0.690014057536428859762622778362
24466860,1771214543,1218138971785798421559314151,1218139076075999971570350389,0.000000001189088481999710296249,37499093776594700329157350,0.690014079927268375591609128605
24466861,1771214555,1218139076075999971570350389,1218139093457701559320493801,0.000000001189088475831804764728,37499096963723120553876477,0.690014139254951031077212064702
24466864,1771214591,1218139093457701559320493801,1218139145602812242618901336,0.000000001189088586854107227244,37499182121405854312306918,0.690015708290093177090795961703
24466865,1771214603,1218139145602812242618901336,1218139162984555772327486560,0.000000001189091269893083335774,37499183815406128878127250,0.690015740141935784990323554666
24466871,1771214675,1218139162984555772327486560,1218139267275026870287686220,0.000000001189091368579574321656,37498685664437194609652893,0.690006577422570877011764878262
24466873,1771214699,1218139267275026870287686220,1218139302038057411260329117,0.000000001189075541733567881654,37498685541430904478357983,0.690006576517592340458406852122
24466880,1771214783,1218139302038057411260329117,1218139423708671718030025544,0.000000001189075578741001897963,37497703826661876616229916,0.689988516916195560035873768356
24466885,1771214843,1218139423708671718030025544,1218139510613985567313117358,0.000000001189044429583674359060,37497705074121285839562221,0.689988543267234355482742103050
24466889,1771214891,1218139510613985567313117358,1218139580138243423687108886,0.000000001189044460114807577611,37497623119057048839047488,0.689987037876401365643630470004
24466890,1771214903,1218139580138243423687108886,1218139597519270519693137892,0.000000001189041846464770508153,37497765878163236893586599,0.689989665440461252821080506692
24466893,1771214939,1218139597519270519693137892,1218139649662551812302579562,0.000000001189046379875454256346,37497766375815458635871214,0.689989676635737736454245805362
24466898,1771214999,1218139649662551812302579562,1218139736568026746748235008,0.000000001189046413182145077818,37497748178679351475741490,0.689989345151781563458825985435
24466899,1771215011,1218139736568026746748235008,1218139753949114042846593614,0.000000001189045806260224935613,37496276265901059644561266,0.689962260219487477641564510122
24466903,1771215059,1218139753949114042846593614,1218139823470736642471696813,0.000000001188999153763544263749,37429102821805540003909255,0.688726161379417112229361919162
24466906,1771215095,1218139823470736642471696813,1218139875518546777258983216,0.000000001186869090662333377067,37429088950991805885974651,0.688725908160194078000415629504
24466908,1771215119,1218139875518546777258983216,1218139910217075243698042680,0.000000001186868640405217995483,37428426231445289024567659,0.688713714928704479056875698006
24466921,1771215275,1218139910217075243698042680,1218140135753540947044714515,0.000000001186847719818018061095,37495601248328618217968405,0.689949854251808436522708234406
24466922,1771215287,1218140135753540947044714515,1218140153133638785948166087,0.000000001188977731085098405363,37495611027561268880161942,0.689950034884853402594728777331
24466925,1771215323,1218140153133638785948166087,1218140205273947389223505557,0.000000001188978051816194316277,37496284135296025423809147,0.689962429401892896052572723420
24466939,1771215491,1218140205273947389223505557,1218140448599785066855813374,0.000000001188999488812992855325,37496283696941315598159429,0.689962430843396590240956811613
24466943,1771215539,1218140448599785066855813374,1218140518121461089411570835,0.000000001188999389685936996595,37496271425660651475179685,0.689962207748218814273855059582
24466964,1771215791,1218140518121461089411570835,1218140883110205854876946172,0.000000001188999145172532862148,37496278663976127148285516,0.689962355207042410398798892857
24466969,1771215851,1218140883110205854876946172,1218140970012320836488798926,0.000000001188999239805828713558,37496290640812699145990175,0.689962578987058150481459506409
24466971,1771215875,1218140970012320836488798926,1218141004773179668121309070,0.000000001188999593226824913472,37495810292743590601093355,0.689953741150888255617701361189
24466975,1771215923,1218141004773179668121309070,1218141074294009695757723354,0.000000001188984378545458348488,37495812405104978173775350,0.689953782738264687068863167951
24466980,1771215983,1218141074294009695757723354,1218141161195057705449335247,0.000000001188984455335884190822,37495816857396249956988992,0.689953868060333985745558038616
24466983,1771216019,1218141161195057705449335247,1218141213335695678227630353,0.000000001188984577460416858230,37495816090254392443566351,0.689953855981002117658817951451
24467000,1771216223,1218141213335695678227630353,1218141508799346968499841118,0.000000001188984672155910074260,37495691532643459128175977,0.689951575460921451288243133604
24467018,1771216439,1218141508799346968499841118,1218141821642251914934648405,0.000000001188980731771217762444,37495694691634692623679029,0.689951645815488734392317837774
24467020,1771216463,1218141821642251914934648405,1218141856402582574821230945,0.000000001188980691679830670182,37495723863556212421198502,0.689952183985085287787342167576
24467039,1771216691,1218141856402582574821230945,1218142186626030231058588595,0.000000001188981764895421072235,37495748382618353464024434,0.689952648079280694837223109062
24467047,1771216787,1218142186626030231058588595,1218142325667599578747956688,0.000000001188982449532953062278,37495728553972137758229513,0.689952288632403876178500468086
24467051,1771216835,1218142325667599578747956688,1218142395188353439786443575,0.000000001188981788025067487524,37494286426038150034094662,0.689925753819027653968021240871
24467053,1771216859,1218142395188353439786443575,1218142429947394934858746483,0.000000001188936042210523730735,37494286757813226105778240,0.689925761282295768594963192299
24467082,1771217207,1218142429947394934858746483,1218142933953612530183349938,0.000000001188936279568549628032,37495252857950946012297826,0.689943558809401613629574967490
24467089,1771217291,1218142933953612530183349938,1218143055613451664829783588,0.000000001188966726660213807577,37494767904854872126168539,0.689934639626411660984217633086
24467092,1771217327,1218143055613451664829783588,1218143107752712078770215164,0.000000001188951313945017858159,37494234843744796726392476,0.689924832460186654436995468131
24467109,1771217531,1218143107752712078770215164,1218143403204362764466505830,0.000000001188934531436446970419,37494237663833763029058135,0.689924895897946255374222346290
24467110,1771217543,1218143403204362764466505830,1218143420583875167126870998,0.000000001188934487898289255516,37494237829721325677683420,0.689924899629578813886610078043
24467114,1771217591,1218143420583875167126870998,1218143490101927564912640132,0.000000001188934515653864871145,37494238493271675279895239,0.689924914556109158958463467570
24467117,1771217627,1218143490101927564912640132,1218143542240470389519340106,0.000000001188934531073629010141,37494238859106194134980804,0.689924923325149985764426219248
24467127,1771217747,1218143542240470389519340106,1218143716035630951164950279,0.000000001188934598920591718031,37494000485265694395443654,0.689920543643405936862222915806
24467128,1771217759,1218143716035630951164950279,1218143733415037878857129972,0.000000001188926956885438812606,37493981902972548251563923,0.689920202393031423149238889891
24467134,1771217831,1218143733415037878857129972,1218143837691432971896978865,0.000000001188926417193690639023,37493971539704288799631076,0.689920015765872807200764782465
24467150,1771218023,1218143837691432971896978865,1218144115761786668393257759,0.000000001188926173946909919475,37493682922045584784399923,0.689914715588663018941417703900
24467163,1771218179,1218144115761786668393257759,1218144341692256625675482324,0.000000001188916996192199926732,37486593260572461473564730,0.689784268792348775889422540786
24467166,1771218215,1218144341692256625675482324,1218144393820204624231429834,0.000000001188692101540390837372,37486665139316236219436509,0.689785593456835210979249950469
24467168,1771218239,1218144393820204624231429834,1218144428572237831112925930,0.000000001188694374413638449785,37486665471106417541831097,0.689785600919553876231304911926
24467176,1771218335,1218144428572237831112925930,1218144567580381803275518126,0.000000001188694432237754177815,37486733152472794062540046,0.689786851797426603383200927055
24467184,1771218431,1218144567580381803275518126,1218144706588792614556145067,0.000000001188696578668935188716,37486732556731698122514789,0.689786846263762520869988748018
24467186,1771218455,1218144706588792614556145067,1218144741340897243676310145,0.000000001188696511592960853211,37486734811595363791565671,0.689786889114218371155118347815
24467192,1771218527,1218144741340897243676310145,1218144845597223350754482574,0.000000001188696613363404708252,37486735806965506511863459,0.689786911502391353323559997079
24467193,1771218539,1218144845597223350754482574,1218144862973279030817535985,0.000000001188696604111546100778,37486787450781114091413259,0.689787862470025769923154257413
24467198,1771218599,1218144862973279030817535985,1218144949853680840128333074,0.000000001188698273146826440143,37486787898229244642167446,0.689787874096922881683724426694
24467201,1771218635,1218144949853680840128333074,1218145001981925522233643547,0.000000001188698269446083038512,37488424098401873337700454,0.689817984920373383772584929829
24467203,1771218659,1218145001981925522233643547,1218145036735606723966810474,0.000000001188750144616908648952,37488227862658863848550910,0.689814375215754171932758254115
24467224,1771218911,1218145036735606723966810474,1218145401647409039053605649,0.000000001188744085530695373273,37488247653874292897990925,0.689814753659572565958058021351
24467230,1771218983,1218145401647409039053605649,1218145505907999106769639293,0.000000001188744587333879991648,37488248649235457971636145,0.689814776048074396186393641983
24467231,1771218995,1218145505907999106769639293,1218145523284765447005582584,0.000000001188744565746209907540,37488248815128966522559212,0.689814779779491016320491780789
24467234,1771219031,1218145523284765447005582584,1218145575415066185671791087,0.000000001188744596585738392327,37488249312809546578752142,0.689814790973741875923508359847
24467242,1771219127,1218145575415066185671791087,1218145714429214240936068786,0.000000001188744655951830658334,37489500153154026979707013,0.689837813935083588035013235640
24467243,1771219139,1218145714429214240936068786,1218145731806563660035010939,0.000000001188784256219340256887,37489500458389108147888026,0.689837820230568610213595093228
24467250,1771219223,1218145731806563660035010939,1218145853448017525179133235,0.000000001188784319660656097463,37490269661216426419756546,0.689851986657102789202156145620
24467252,1771219247,1218145853448017525179133235,1218145888203433951323552195,0.000000001188808671874023609651,37490255574474492108063910,0.689851728795357499457452377101
24467259,1771219331,1218145888203433951323552195,1218146009847353544858275803,0.000000001188808266113941980847,37489007172393702921520711,0.689828760882109426333386181796
24467270,1771219463,1218146009847353544858275803,1218146200995743542913736084,0.000000001188768713096995504695,37489009379050455370580307,0.689828808954420447108191183361
24467273,1771219499,1218146200995743542913736084,1218146253127130907481246122,0.000000001188768713096995504695,37489396392887413707597516,0.689835932366082871247670027515
24467278,1771219559,1218146253127130907481246122,1218146340013678427754592926,0.000000001188781003265878229255,37489402028251736327358808,0.689836039459938432649721562484
24467284,1771219631,1218146340013678427754592926,1218146444277559305406353261,0.000000001188781190770211267868,37489444008388166282528149,0.689836816036565880772002401500
24467294,1771219751,1218146444277559305406353261,1218146618050908521896993761,0.000000001188782555727740900261,37489453409639147730251013,0.689836995822825316260207273444
24467296,1771219775,1218146618050908521896993761,1218146652805590055379515092,0.000000001188782785173832628554,37489453880764897057667057,0.689837005849737949780831058888
24467303,1771219859,1218146652805590055379515092,1218146774446984759902314746,0.000000001188782844650066061074,37489412619458515198825182,0.689836251324700056031247186183
24467312,1771219967,1218146774446984759902314746,1218146930842909382851247554,0.000000001188781552620678560764,37470200344694926962666438,0.689482719745248662235326264636
24467314,1771219991,1218146930842909382851247554,1218146965579751238830896917,0.000000001188172273532591254973,37470200676517423704290967,0.689482727206775058981236270483
24467315,1771220003,1218146965579751238830896917,1218146982948172692089329027,0.000000001188172282784449862447,37470200842428649664848003,0.689482730937538090820737579634
24467316,1771220015,1218146982948172692089329027,1218147000316594469892093006,0.000000001188172282784449862447,37470201008339891567422466,0.689482734668301344704843813815
24467317,1771220027,1218147000316594469892093006,1218147017685016572239203064,0.000000001188172282784449862447,37470201174251124931131723,0.689482738399064598588950047997
24467320,1771220063,1218147017685016572239203064,1218147069790284595834002601,0.000000001188172307456072608918,37470187740860099043395885,0.689482493247118743973089749488
24467326,1771220135,1218147069790284595834002601,1218147174000789968925660080,0.000000001188171909626155382638,37470127272075588232969992,0.689481384587613321812682443124
24467328,1771220159,1218147174000789968925660080,1218147208737571016661282229,0.000000001188169960567956757093,37470136701011001127665239,0.689481559451083803047310993861
24467337,1771220267,1218147208737571016661282229,1218147365053137324656230915,0.000000001188170317278502601391,37469482985745576268156559,0.689469536106224079041737695661
24467352,1771220447,1218147365053137324656230915,1218147625574580531226163707,0.000000001188149637935490910885,37469485474424724401885890,0.689469592067289527292928141833
24467353,1771220459,1218147625574580531226163707,1218147642942679879612231245,0.000000001188149597227313286150,37469485640336655437725321,0.689469595798026801958258147351
24467355,1771220483,1218147642942679879612231245,1218147677678879473085937455,0.000000001188149615731030501100,37468830806563060684105463,0.689457547126257508374180815736
24467357,1771220507,1218147677678879473085937455,1218147712414472991433489966,0.000000001188128845308611403198,37468799697847957289809305,0.689456976029614199141803965176
24467358,1771220519,1218147712414472991433489966,1218147729782255702325640276,0.000000001188127855359747848031,37468788497914747894943546,0.689456770619341074990416018409
24467362,1771220567,1218147729782255702325640276,1218147799253368256245798530,0.000000001188127522292840460484,37468792026332309335656904,0.689456838258653892381744299200
24467370,1771220663,1218147799253368256245798530,1218147938195618334047751631,0.000000001188127668009612442536,37468138453993755134184458,0.689444816864841047987511046813
24467373,1771220699,1218147938195618334047751631,1218147990298057354425774520,0.000000001188106902984110917360,37468138951733526919544201,0.689444828056906433566553005221
24467381,1771220795,1218147990298057354425774520,1218148129237907482801156543,0.000000001188106960037238479799,37468049856367085594095440,0.689443194050244123616266733734
24467392,1771220927,1218148129237907482801156543,1218148320279773005937039594,0.000000001188104160508952427594,37468056481852047185179271,0.689443323423813647643498825346
24467397,1771220987,1218148320279773005937039594,1218148407117009867289705027,0.000000001188104318631625794713,37468057450680518830655590,0.689443344639774413629140781268
24467405,1771221083,1218148407117009867289705027,1218148546056605313905870059,0.000000001188104376455741522743,37468068804834153669371982,0.689443558987565596751778684848
24467411,1771221155,1218148546056605313905870059,1218148650261343876309301908,0.000000001188104719545495683355,37467575361558160251840416,0.689434482877830157043774761405
24467417,1771221227,1218148650261343876309301908,1218148754464719007293625380,0.000000001188089071568754206965,37434964269657712755698589,0.688834388736428770982911373721
24467421,1771221275,1218148754464719007293625380,1218148823873176233574215997,0.000000001187054963584325712380,37435534200459793075028482,0.688844879111869201615547808615
24467429,1771221371,1218148823873176233574215997,1218148962692215977064527695,0.000000001187073069471485503111,37435540320122162754474791,0.688844997130543479357811520458
24467433,1771221419,1218148962692215977064527695,1218149032101753127705608907,0.000000001187073231379009996544,37435538395780857127988701,0.688844964424984995687850641843
24467444,1771221551,1218149032101753127705608907,1218149222977990872706792351,0.000000001187073227594158870229,37435156513753502215913618,0.688837944914558741871246638766
24467445,1771221563,1218149222977990872706792351,1218149240330200592676215869,0.000000001187061042055385535112,37435172034286586366085172,0.688838231193948713482200219005
24467457,1771221707,1218149240330200592676215869,1218149448556822842430449193,0.000000001187061620296544056184,37435377298814046747592840,0.688842016511896693131689062284
24467478,1771221959,1218149448556822842430449193,1218149812955495486691246388,0.000000001187068204756153031579,37435528596279916865483673,0.688844814829071450112962793355
24467482,1771222007,1218149812955495486691246388,1218149882365059347635427959,0.000000001187072856678739185554,37435596569332932254089001,0.688846068349521334361895696929
24467483,1771222019,1218149882365059347635427959,1218149899717482438197789105,0.000000001187074993858061588980,37435596840705094074005780,0.688846074019064613658258622308
24467484,1771222031,1218149899717482438197789105,1218149917069905901732102824,0.000000001187074993858061588980,37437126783682826731316259,0.688874228187253745403495486244
24467488,1771222079,1218149917069905901732102824,1218149986482438909618975579,0.000000001187123538359813323950,37437126770178284208291425,0.688874230642458118545334855298
24467497,1771222187,1218149986482438909618975579,1218150142660652582446914895,0.000000001187123578451200416212,37437137848784023407162736,0.688874440590563685837821594760
24467500,1771222223,1218150142660652582446914895,1218150194720076995438571901,0.000000001187123880678579318972,37437138485761169098984445,0.688874454339670538871587268659
24467511,1771222355,1218150194720076995438571901,1218150385604655458933316522,0.000000001187123966468540181137,37436472296746232222057352,0.688862202789668032210101955570
24467520,1771222463,1218150385604655458933316522,1218150541780190004446666254,0.000000001187102825504514036745,37436485301560630261285901,0.688862448182904318905173113308
24467522,1771222487,1218150541780190004446666254,1218150576485879123222700298,0.000000001187103175019170059802,37436416200313782887468398,0.688861178014581798656479350029
24467540,1771222703,1218150576485879123222700298,1218150888836549141182500603,0.000000001187101122134558792982,37436418056294038320824286,0.688861224333717769852114543028
24467548,1771222799,1218150888836549141182500603,1218151027659101739784412779,0.000000001187101097976928087974,37436323536451912143366492,0.688859490418500808317503469880
24467550,1771222823,1218151027659101739784412779,1218151062364654736231647821,0.000000001187098049489539569133,37436308907156916067637329,0.688859222566903461881793191424
24467553,1771222859,1218151062364654736231647821,1218151114422965741597039498,0.000000001187097593064518449233,37436309404988346131919464,0.688859233755479749561345670372
24467561,1771222955,1218151114422965741597039498,1218151253245141145141676799,0.000000001187097651659622549649,37436310732538850109311164,0.688859263591684922722890860314
24467562,1771222967,1218151253245141145141676799,1218151270597914798310870375,0.000000001187097642407763942174,37436469395296903661909770,0.688862183926335691630526980589
24467563,1771222979,1218151270597914798310870375,1218151287950762243286343984,0.000000001187102656915091763533,37436469561240519705065662,0.688862187655867042046509141073
24467564,1771222991,1218151287950762243286343984,1218151305303610012376649942,0.000000001187102675418808978482,37436469727184146406127880,0.688862191385398392462491301558
24467566,1771223015,1218151305303610012376649942,1218151340009306445982298968,0.000000001187102684670667379161,37436470059071465791337023,0.688862198844460982272153160011
24467576,1771223135,1218151340009306445982298968,1218151513537804984122818517,0.000000001187102762386279227000,37436503026448297227017064,0.688862812257990952957698027603
24467583,1771223219,1218151513537804984122818517,1218151635007875638067013222,0.000000001187103782998445400532,37437001792817776214281839,0.688871995120793667588543485181
24467590,1771223303,1218151635007875638067013222,1218151756479576750081083980,0.000000001187119598389769902800,37407664087111363574180653,0.688332137237119168204912966758
24467609,1771223531,1218151756479576750081083980,1218152085930162607963849561,0.000000001186189406932632178130,37407639450769955109298168,0.688331696722886854367118303344
24467616,1771223615,1218152085930162607963849561,1218152207306636762521543058,0.000000001186188525710497027110,37407641569567505866822414,0.688331740432607475099757721182
24467623,1771223699,1218152207306636762521543058,1218152328683129885869364987,0.000000001186188591795200863999,37412605460930719275996672,0.688423089019202572025335484796
24467627,1771223747,1218152328683129885869364987,1218152398050335002977224656,0.000000001186345970534870680278,37412675804131096588654109,0.688424386149632194786818217835
24467633,1771223819,1218152398050335002977224656,1218152502101345721459824211,0.000000001186348217194519215038,37412791671546560916336507,0.688426522350680136774769835029
24467634,1771223831,1218152502101345721459824211,1218152519443235413124620289,0.000000001186351850090971993268,37464554239503645254207991,0.689379040549974342333428012353
24467640,1771223903,1218152519443235413124620289,1218152623638539268111813245,0.000000001187993271657540532588,37463591667142458120019940,0.689361331676816235791704912117
24467642,1771223927,1218152623638539268111813245,1218152658369416841037389655,0.000000001187962718936693256676,37463522444189447256665704,0.689360059213732334626456577098
24467661,1771224155,1218152658369416841037389655,1218152988312193521377440984,0.000000001187960664537157773427,37463477620764681278593068,0.689359247257733120939349191758
24467667,1771224227,1218152988312193521377440984,1218153092504543220019758606,0.000000001187959132299533309024,37463460514294235319172458,0.689358936549367751212002985994
24467676,1771224335,1218153092504543220019758606,1218153248793013113727860329,0.000000001187958616251423592193,37463462967413775446998305,0.689358987787057952978386765608
24467682,1771224407,1218153248793013113727860329,1218153352985344338601306636,0.000000001187958669706606244012,37463476143561032953859693,0.689359234314296465129245916614
24467684,1771224431,1218153352985344338601306636,1218153387716135609022472270,0.000000001187959055200711993659,37463473697569026669627227,0.689359190658670684115350013599
24467704,1771224671,1218153387716135609022472270,1218153735024080099043504206,0.000000001187959127365208635653,37463486614541131831343203,0.689359441899656810726071398676
24467711,1771224755,1218153735024080099043504206,1218153856581925975994669812,0.000000001187959426596747602465,37463487854662952334022262,0.689359469461464424711039100657
24467720,1771224863,1218153856581925975994669812,1218154012870607957937569556,0.000000001187959483870157704726,37463503745855648136985197,0.689359767982171245392919445294
24467726,1771224935,1218154012870607957937569556,1218154117063117948611832076,0.000000001187959961882848908734,37463508580805911351138862,0.689359861017479036426891525480
24467727,1771224947,1218154117063117948611832076,1218154134428539387966084237,0.000000001187960063653292763775,37464328200574096458550147,0.689374944068334771785089287732
24467729,1771224971,1218154134428539387966084237,1218154169160142844370307502,0.000000001187986070627644608066,37464328164630127630609545,0.689374944761709240736990977894
24467731,1771224995,1218154169160142844370307502,1218154203891747257708254239,0.000000001187986070627644608066,37464330416273478193913682,0.689374987550513740330870859907
24467736,1771225055,1218154203891747257708254239,1218154290720767841933007076,0.000000001187986164996601659846,37464319396741865500850871,0.689374788169625607459067850868
24467750,1771225223,1218154290720767841933007076,1218154533841986893545026715,0.000000001187985893520638308663,37464331318625434307937678,0.689375017035841031187715088890
24467756,1771225295,1218154533841986893545026715,1218154638036843069200723023,0.000000001187986203237616947895,37464318389218598527240875,0.689374783189189099807947513909
24467763,1771225391,1218154638036843069200723023,1218154776963283888402494002,0.000000001187985811575605459932,37464329315601028063037309,0.689374989672111859739800365787
24467769,1771225463,1218154776963283888402494002,1218154881158155288677489912,0.000000001187986141558559978320,37464316386192551522584350,0.689374755825425955535479261016
24467778,1771225571,1218154881158155288677489912,1218155037450425161230155740,0.000000001187985755036469938954,37464028511449403164966164,0.689369464545116494846865862201
24467783,1771225631,1218155037450425161230155740,1218155124278805452095608187,0.000000001187976594874129473714,37464029341035647137039052,0.689369483197818988529093076068
24467784,1771225643,1218155124278805452095608187,1218155141644482637486860732,0.000000001187976587472642670453,37464029506952891447227016,0.689369486928359309629854578816
24467786,1771225667,1218155141644482637486860732,1218155176375837904765043906,0.000000001187976596724501071132,37463958427898154356108782,0.689368180309579803299868672184
24467788,1771225691,1218155176375837904765043906,1218155211107128267823751084,0.000000001187974348522876205190,37463973158027436648145329,0.689368452723371882839842328394
24467795,1771225775,1218155211107128267823751084,1218155332666700131585740699,0.000000001187974856053401895830,37464148379172703177147345,0.689371681681726355961359331559
24467797,1771225799,1218155332666700131585740699,1218155367398171046728986957,0.000000001187980371482784796665,37463980730876215011622655,0.689368598027247148074536653439
24467799,1771225823,1218155367398171046728986957,1218155402129487532273278468,0.000000001187975051664125203388,37463981072381916974436434,0.689368605666289102629207263817
24467800,1771225835,1218155402129487532273278468,1218155419495146304682813716,0.000000001187975051664125203388,37463792319962215245150157,0.689365132983199124794282397488
24467805,1771225895,1218155419495146304682813716,1218155506323006418558485001,0.000000001187969104569456655539,37463793149549608052842801,0.689365151635859096934666467860
24467806,1771225907,1218155506323006418558485001,1218155523688579568543302944,0.000000001187969093467226450646,37463793315467079534885023,0.689365155366390869318138356903
24467807,1771225919,1218155523688579568543302944,1218155541054153042992935306,0.000000001187969093467226450646,37463793481384547756022758,0.689365159096922641701610245946
24467816,1771226027,1218155541054153042992935306,1218155697344326145281863917,0.000000001187969173650000428375,37463798920778699419382173,0.689365265287238293545613032620
24467821,1771226087,1218155697344326145281863917,1218155784172221362101068789,0.000000001187969311811087974047,37463787914419355128268892,0.689365066148569849424632138835
24467822,1771226099,1218155784172221362101068789,1218155801537796046363398223,0.000000001187968926933772756873,37463788219583274978276077,0.689365072441352588761276365403
24467829,1771226183,1218155801537796046363398223,1218155923096826757968007196,0.000000001187968990375088390654,37465568635423962333968959,0.689397839816575763727257708524
24467830,1771226195,1218155923096826757968007196,1218155940463228839685457986,0.000000001188025400278291954237,37464485853525094207438374,0.689377915493419757275717074663
24467831,1771226207,1218155940463228839685457986,1218155957829129267453516754,0.000000001187991057379396813796,37464296764015594212091878,0.689374436607124052578399187041
24467832,1771226219,1218155957829129267453516754,1218155975194942294189875155,0.000000001187985062175063837951,37464496816585910791952698,0.689378118586919552690517321025
24467836,1771226267,1218155975194942294189875155,1218156044658567798004026149,0.000000001187991436705597031921,37464403242831984345110716,0.689376399382734206255918252282
24467841,1771226327,1218156044658567798004026149,1218156131487888376935059949,0.000000001187988474260492962889,37464397082272890065729225,0.689376289405153608313980839739
24467844,1771226375,1218156131487888376935059949,1218156200951337873846462225,0.000000001187988272569976850225,37463384778177078265419579,0.689357664023280580778418880072
24467845,1771226387,1218156200951337873846462225,1218156218316731633909469365,0.000000001187956140865272352623,37462744849017135353783359,0.689345888931876982219648652972
24467847,1771226411,1218156218316731633909469365,1218156253046926644250066799,0.000000001187935860791355935362,37461659187742492092374422,0.689325912358302428373235670733
24467848,1771226423,1218156253046926644250066799,1218156270411521284400230439,0.000000001187901425373875547355,37461659346700105670687395,0.689325915960651403047165786120
24467852,1771226471,1218156270411521284400230439,1218156339869902615018503542,0.000000001187901457755380363324,37462092087856768921220480,0.689333881832113082310797835817
24467854,1771226495,1218156339869902615018503542,1218156374599495942365876804,0.000000001187915164383805283667,37461646668175760401488447,0.689325686718113006534736086905
24467857,1771226531,1218156374599495942365876804,1218156426693268393954361163,0.000000001187901049131628198388,37461165410976181709083276,0.689316832764211184780833718833
24467861,1771226579,1218156426693268393954361163,1218156496150742819797839923,0.000000001187885794358874541142,37461166074656271582088401,0.689316847685956801683460071217
24467863,1771226603,1218156496150742819797839923,1218156530879482133126525159,0.000000001187885798984803948277,37461154535463332580156136,0.689316636709874752675375475519
24467868,1771226663,1218156530879482133126525159,1218156617701308004289177264,0.000000001187885460366781354886,37461198553309096717768003,0.689317450098168915673113588127
24467869,1771226675,1218156617701308004289177264,1218156635065694324677876992,0.000000001187886825941101726546,37461186162594801472423470,0.689317222765487125357708464435
24467880,1771226807,1218156635065694324677876992,1218156826073897007334443458,0.000000001187886513060067495203,37461167102201019446501961,0.689316879489336620245865105971
24467881,1771226819,1218156826073897007334443458,1218156843438271719467605629,0.000000001187885826740379563906,37461363210050111468193087,0.689320488679327492143045219564
24467888,1771226903,1218156843438271719467605629,1218156964989537948200832402,0.000000001187892094213692289827,37461362636573122930582100,0.689320482867074035837617884681
24467890,1771226927,1218156964989537948200832402,1218156999718472852490786616,0.000000001187892034737458857308,37461205302055751782701899,0.689317589134787356286437898234
24467891,1771226939,1218156999718472852490786616,1218157017082867746644349179,0.000000001187887029481989436628,37461207203086844312311040,0.689317624794179684144523889699
24467897,1771227011,1218157017082867746644349179,1218157121269247596665497854,0.000000001187887137420339029986,37461178955164041281195621,0.689317109048412590688315049192
24467899,1771227035,1218157121269247596665497854,1218157155998016672666306487,0.000000001187886206066579575236,37461221057938925226533230,0.689317885129520191433982745366
24467903,1771227083,1218157155998016672666306487,1218157225455635858565081812,0.000000001187887561463855540713,37462649873640946981629902,0.689344180444290133280560439744
24467906,1771227119,1218157225455635858565081812,1218157277550839744526917363,0.000000001187932857021283709123,37462650304103632244880900,0.689344190397456757501970514568
24467915,1771227227,1218157277550839744526917363,1218157433836466565495579291,0.000000001187932924868246417014,37462651797370876449630315,0.689344223971874892065159201593
24467920,1771227287,1218157433836466565495579291,1218157520661826924225603108,0.000000001187932937204057686851,37465588049794601375660154,0.689398259330850304849036547239
24467921,1771227299,1218157520661826924225603108,1218157538028260780464945050,0.000000001188026010900955498073,37451662951933911404622182,0.689142026522337025618014649808
24467925,1771227347,1218157538028260780464945050,1218157607468179862523162951,0.000000001187584475204062073317,37451573707281466184821196,0.689140386977791452594033216883
24467935,1771227467,1218157607468179862523162951,1218157781067581209423818516,0.000000001187581695945757108795,37451522704462063452639512,0.689139455207385176471746035531
24467936,1771227479,1218157781067581209423818516,1218157798427499063437259637,0.000000001187579997304529349587,37447302936687462528916391,0.689061805078678313307705138868
24467942,1771227551,1218157798427499063437259637,1218157902575275438846981032,0.000000001187446237017732102332,37447468573619336300941841,0.689064857135187724956892907358
24467950,1771227647,1218157902575275438846981032,1218158041439605345855924312,0.000000001187451507493146202667,37447468256949754484429139,0.689064856719832974363271205220
24467955,1771227707,1218158041439605345855924312,1218158128229818842420931846,0.000000001187451470485711979563,37450255219037251015142646,0.689116142545551979559093069838
24467956,1771227719,1218158128229818842420931846,1218158145589154125680897441,0.000000001187539807231037918920,37450448281606333791137251,0.689119695898240958165104075306
24467960,1771227767,1218158145589154125680897441,1218158215026855694083650321,0.000000001187545959716966187860,37450458540037670003034651,0.689119887377201645328739232355
24467961,1771227779,1218158215026855694083650321,1218158232386286459733906216,0.000000001187546265028297959778,37450188892253721035969455,0.689114926081716983041758339823
24467964,1771227815,1218158232386286459733906216,1218158284464205271017323506,0.000000001187537722478913877594,37450189471497359359175765,0.689114938770675977686153146351
24467976,1771227959,1218158284464205271017323506,1218158492775906002135520418,0.000000001187537819623428532295,37450212300280705819015004,0.689115366978262589015002959059
24467977,1771227971,1218158492775906002135520418,1218158510135226586192887291,0.000000001187538456459691360578,37450273926355028841966742,0.689116501678210702230842343852
24467978,1771227983,1218158510135226586192887291,1218158527494575983202384490,0.000000001187540399349984454602,37450167490420947145528134,0.689114543754824060428632037656
24467985,1771228067,1218158527494575983202384490,1218158649009683334632602293,0.000000001187537079254463184763,37450360544127790791172416,0.689118101003889815814318353659
24467986,1771228079,1218158649009683334632602293,1218158666369074860666846528,0.000000001187543156403829009339,37439710686556232257824103,0.688922126406265489251268263615
24467990,1771228127,1218158666369074860666846528,1218158735786897293955920928,0.000000001187205472819030660503,37439753109638880510067162,0.688922909731448762649108630285
24467992,1771228151,1218158735786897293955920928,1218158770495849322843706042,0.000000001187206795834801603216,37439769439811114254939292,0.688923211592894380039808766014
24467995,1771228187,1218158770495849322843706042,1218158822559301929088231457,0.000000001187207326274691169324,37439769937632709374449296,0.688923222781857247376535724470
24468005,1771228307,1218158822559301929088231457,1218158996104162328089588880,0.000000001187207400906350148003,37439757677257707668366775,0.688923003942747746997099511646
24468010,1771228367,1218158996104162328089588880,1218159082876573383798028269,0.000000001187206969769742100251,37441321506135919774989602,0.688951784403191935801658019045
24468012,1771228391,1218159082876573383798028269,1218159117586989302674263593,0.000000001187256533826304810229,37441326849343802353862514,0.688951884075294396225785931165
24468018,1771228463,1218159117586989302674263593,1218159221718257854019239401,0.000000001187256737367192727106,37441248769345845948743011,0.688950451328980917331534783443
24468019,1771228475,1218159221718257854019239401,1218159239073433952164500993,0.000000001187254220861670312350,37441261402262620951767668,0.688950684472039553973843339918
24468031,1771228631,1218159239073433952164500993,1218159464690821853451661862,0.000000001187254720462031393670,37441245463038245919400680,0.688950399968681792550739828584
24468047,1771228823,1218159464690821853451661862,1218159742373699960048523869,0.000000001187254240521869568890,37441257708046576425011539,0.688950636115835068906676497136
24468051,1771228871,1218159742373699960048523869,1218159811794452080872646013,0.000000001187254526173002084268,37441258798907271764785812,0.688950658894108780572196337744
24468052,1771228883,1218159811794452080872646013,1218159829149641234877333486,0.000000001187254535424860484947,37441258964846382836681026,0.688950662623817766672118523275
24468054,1771228907,1218159829149641234877333486,1218159863860020438503580163,0.000000001187254553928577699897,37442207820684594332783980,0.688968124520127012111458952859
24468064,1771229027,1218159863860020438503580163,1218160037416329535266737428,0.000000001187284705735554673576,37442238251498903945692033,0.688968691260344545668203863897
24468066,1771229051,1218160037416329535266737428,1218160072127622533159643001,0.000000001187285603165832981176,37442238583375272527435104,0.688968698719834682364648870134
24468070,1771229099,1218160072127622533159643001,1218160141550212111565490810,0.000000001187285630921408596805,37442238782115895998533624,0.688968705082200982836582170421
24468071,1771229111,1218160141550212111565490810,1218160158905860216472759045,0.000000001187285603165832981176,37442232683741533583316827,0.688968593543323071237693966395
24468078,1771229207,1218160158905860216472759045,1218160297751031343271335539,0.000000001187285478265742710846,37442550115277039741566277,0.688974440227621665044921428489
24468091,1771229363,1218160297751031343271335539,1218160523376380990422247279,0.000000001187295585209514616488,37443113027703744798907985,0.688984807555119926902875704400
24468107,1771229555,1218160523376380990422247279,1218160801073351228400376514,0.000000001187313460511892465131,37443042490288413509442954,0.688983520367862811717429849523
24468119,1771229699,1218160801073351228400376514,1218161009345728094924937509,0.000000001187311190722597721876,37443054072431728312162229,0.688983741613780953372270232649
24468120,1771229711,1218161009345728094924937509,1218161026701766476504713013,0.000000001187311471362306747324,37444985030985536694589886,0.689019275181405266295087130857
24468126,1771229783,1218161026701766476504713013,1218161130843372321180572774,0.000000001187372737169549047810,37444793955087570485972608,0.689015763120951141296188779961
24468127,1771229795,1218161130843372321180572774,1218161148200218924486630049,0.000000001187366630942913609449,37444306327641790046377913,0.689006790630422472077043494210
24468128,1771229807,1218161148200218924486630049,1218161165556839744347420940,0.000000001187351180339154104824,37444980719999703382523947,0.689019201262800806695452138229
24468134,1771229879,1218161165556839744347420940,1218161269698445470188545275,0.000000001187372601475623838824,37444967552215140096014099,0.689018963011478358104966446263
24468139,1771229939,1218161269698445470188545275,1218161356483093190979310997,0.000000001187372174656549931970,37445655563268402863720222,0.689031626956539078321384295123
24468149,1771230059,1218161356483093190979310997,1218161530055596330696698348,0.000000001187394033097533038449,37446029056290180657819167,0.689038506621844515365182815003
24468152,1771230095,1218161530055596330696698348,1218161582127871473010307327,0.000000001187405815647777139159,37446057398273773286052513,0.689039030167885480082645699440
24468163,1771230227,1218161582127871473010307327,1218161773059710550293119505,0.000000001187406784008970817013,37447103380186142883292999,0.689058284559292077986469848838
24468167,1771230275,1218161773059710550293119505,1218161842491417018430052034,0.000000001187439891784751061967,37447104043920304569776312,0.689058299478987223984915999608
24468171,1771230323,1218161842491417018430052034,1218161911923128674621839176,0.000000001187439914914397270461,37447584348311207531978260,0.689067140595973182115585586871
24468174,1771230359,1218161911923128674621839176,1218161963997582923106612099,0.000000001187455134221693242580,37447584846110456097791555,0.689067151785797360474816741771
24468190,1771230551,1218161963997582923106612099,1218162241728046869964427439,0.000000001187455261434748216478,37447585870240854703452499,0.689067181455416455371221218229
24468193,1771230587,1218162241728046869964427439,1218162293802517333466399669,0.000000001187455183564938735521,37447587998838961367566041,0.689067222654692668193376903218
24468201,1771230683,1218162293802517333466399669,1218162432667790679347712863,0.000000001187455293816253032446,37443832237198415323856242,0.688998115712271208543882039521
24468207,1771230755,1218162432667790679347712863,1218162536806310579217281688,0.000000001187336183076463264531,37449007392268380833154479,0.689093351360869466049052789458
24468209,1771230779,1218162536806310579217281688,1218162571523950226031967556,0.000000001187500255535785647719,37449010982306129456665800,0.689093418776765664901517993712
24468217,1771230875,1218162571523950226031967556,1218162710394532020606122512,0.000000001187500415130345437585,37449012309759862415403289,0.689093448616717285659660774400
24468225,1771230971,1218162710394532020606122512,1218162849265134568973460986,0.000000001187500459076673564596,37449014596641260410381915,0.689093496111759296063326019066
24468241,1771231163,1218162849265134568973460986,1218163127006404120172018615,0.000000001187500597854551642740,37449189938235411668953349,0.689096733518499093840148361778
24468244,1771231199,1218163127006404120172018615,1218163179083143040415684938,0.000000001187506050283183782640,37458657544653478960742235,0.689270955507012339502637132682
24468265,1771231451,1218163179083143040415684938,1218163543712537237124753780,0.000000001187806416716849044633,37453862344341955299350849,0.689182729931995585737070086907
24468267,1771231475,1218163543712537237124753780,1218163578434706437539383567,0.000000001187654197210008533148,37453958637839757624444728,0.689184503248841062728047290875
24468274,1771231559,1218163578434706437539383567,1218163699962618879194327161,0.000000001187657297904313081062,37453631432706980901082726,0.689178486858920913427084542491
24468276,1771231583,1218163699962618879194327161,1218163734684578463162602274,0.000000001187646878989904614589,37453583784521901742355615,0.689177611405374035413728961430
24468277,1771231595,1218163734684578463162602274,1218163752045536539795028544,0.000000001187645352433245754999,37450704469024769649918168,0.689124627807668033163679410791
24468282,1771231655,1218163752045536539795028544,1218163838843657350413603207,0.000000001187554092100621567131,37450705298675249054503002,0.689124646457948575317686845665
24468290,1771231751,1218163838843657350413603207,1218163977720666588032062734,0.000000001187554142985843391254,37450436062521449812290879,0.689119697470584879894772711850
24468291,1771231763,1218163977720666588032062734,1218163995080169056203712576,0.000000001187545543383331953426,37446397992187842376301093,0.689045394237939756720834338921
24468292,1771231775,1218163995080169056203712576,1218164012437799993995166390,0.000000001187417497661158449773,37448425635408469236283643,0.689082706979727177554195804987
24468294,1771231799,1218164012437799993995166390,1218164047154942369610775094,0.000000001187481807329859861966,37447940060610407729404138,0.689073772935035355757804609311
24468295,1771231811,1218164047154942369610775094,1218164064513288848631334689,0.000000001187466402985393187919,37447921294213684547828814,0.689073428278098476518209736241
24468298,1771231847,1218164064513288848631334689,1218164116588303673270151337,0.000000001187465817034352390553,37446818500022215960987098,0.689053137028708295730439203908
24468303,1771231907,1218164116588303673270151337,1218164203377444088244817838,0.000000001187430868447118379648,37446840441990024766477172,0.689053544180297294907688865351
24468305,1771231931,1218164203377444088244817838,1218164238093122327221426392,0.000000001187431541982419958003,37446840786147048856869092,0.689053551866273261694573193381
24468306,1771231943,1218164238093122327221426392,1218164255450961977240226163,0.000000001187431541982419958003,37446839854481875705634586,0.689053535399438144004591322300
24468310,1771231991,1218164255450961977240226163,1218164324882321323235368137,0.000000001187431537356490757664,37446840542640347289992001,0.689053550768526812397851699643
24468313,1771232027,1218164324882321323235368137,1218164376955844386700971001,0.000000001187431548150325696320,37446820407813127385040867,0.689053182282986065310126377881
24468322,1771232135,1218164376955844386700971001,1218164533176342934788268908,0.000000001187430962199284898954,37446823415703800565280116,0.689053243721326369453095139761
24468324,1771232159,1218164533176342934788268908,1218164567892014788002562329,0.000000001187430996122766252900,37453785474714801813627489,0.689181352852856310420293084462
24468334,1771232279,1218164567892014788002562329,1218164741502660335620661712,0.000000001187651830584594401428,37453785829782382250591668,0.689181366154988817029902747890
24468336,1771232303,1218164741502660335620661712,1218164776224792743436879829,0.000000001187651773223071365957,37453183307401508482440325,0.689170280076635832777753876144
24468337,1771232315,1218164776224792743436879829,1218164793585580029462479169,0.000000001187632658883330805111,37453183473329219111521966,0.689170283806782690838588223414
24468349,1771232459,1218164793585580029462479169,1218165001915047683397281790,0.000000001187632759111798328970,37453180666945999244323161,0.689170240286132607110403114348
24468355,1771232531,1218165001915047683397281790,1218165106079787065875075968,0.000000001187632618791943712849,37453186396408375622691753,0.689170349774710699897184440488
24468358,1771232567,1218165106079787065875075968,1218165158162168064656356297,0.000000001187632776073539005943,37453171222101761138802101,0.689170072572151903855797172582
24468359,1771232579,1218165158162168064656356297,1218165175522955191960244761,0.000000001187632270305272186306,37453166782894823378886850,0.689169991560019457033092749043
24468361,1771232603,1218165175522955191960244761,1218165210244526073384884833,0.000000001187632140779252715636,37452873022155792079517837,0.689164587218350721542492465232
24468362,1771232615,1218165210244526073384884833,1218165227605175717372347414,0.000000001187622814905845864321,37452875068679277197210796,0.689164625554628762493791782617
24468363,1771232627,1218165227605175717372347414,1218165244965826557406230813,0.000000001187622888920714103733,37452443902852120596163420,0.689156692049725960735884200403
24468366,1771232663,1218165244965826557406230813,1218165297047180982947014257,0.000000001187609233177511214308,37452489826787085186809880,0.689157539158203436002736452792
24468369,1771232699,1218165297047180982947014257,1218165349128601496981309348,0.000000001187610688803254703644,37452490304989655924546268,0.689157549988232198678872464370
24468382,1771232855,1218165349128601496981309348,1218165574814785670034427595,0.000000001187610787489745689527,37452780304432058277753537,0.689162895267337094473703018593
24468384,1771232879,1218165574814785670034427595,1218165609536009641239560980,0.000000001187619891318547615811,37452798401471090169468067,0.689163229622020367948209695896
24468386,1771232903,1218165609536009641239560980,1218165644257251379261744032,0.000000001187620464933776936543,37452798733327249827296334,0.689163237082286217471960299008
24468389,1771232939,1218165644257251379261744032,1218165696339116303378813735,0.000000001187620483437494151492,37455678806488897471857458,0.689216237340989690274284384941
24468392,1771232975,1218165696339116303378813735,1218165748424988484448072725,0.000000001187711811617080840456,37455680263894783046858499,0.689216266190522008905361417419
24468400,1771233071,1218165748424988484448072725,1218165887320663926306257915,0.000000001187711896425784225319,37407718083136562797129224,0.688333686205995998186324413837
24468402,1771233095,1218165887320663926306257915,1218165922000121110495734513,0.000000001186190978774703808085,37407575968699375413741403,0.688331072408343902502281252964
24468418,1771233287,1218165922000121110495734513,1218166199434760128935423951,0.000000001186186587611344883196,37401836497750531212847165,0.688225467209608643415208462102
24468420,1771233311,1218166199434760128935423951,1218166234108773573974199929,0.000000001186004470558425389261,37399962931722567122611579,0.688190991769146442891269543907
24468421,1771233323,1218166234108773573974199929,1218166251444912205834807498,0.000000001185945045871032327757,37399965111704006908779642,0.688191032558411408537324405188
24468426,1771233383,1218166251444912205834807498,1218166338125614118358707351,0.000000001185945156893334790273,37399966180786697275705123,0.688191055600914980416860089463
24468427,1771233395,1218166338125614118358707351,1218166355461755736568865304,0.000000001185945156893334790273,37399947362835007592924274,0.688190709992639093606214828469
24468428,1771233407,1218166355461755736568865304,1218166372797888878742174525,0.000000001185944564774388254591,37400074518861349895242555,0.688193050552854068691033262439
24468436,1771233503,1218166372797888878742174525,1218166511487434426722995603,0.000000001185948651782897655949,37399740592384983033986227,0.688186911131244860584388334246
24468458,1771233767,1218166511487434426722995603,1218166892880360803848880321,0.000000001185938180150918585916,37399744382932054232226227,0.688186995709477389304709049611
24468470,1771233911,1218166892880360803848880321,1218167100912937514618527848,0.000000001185938216457454345068,37399745897575886204576858,0.688187031668321291810741513473
24468474,1771233959,1218167100912937514618527848,1218167170257140454737733035,0.000000001185938194869784467755,37399584329243601721243112,0.688184061232634980420641568344
24468481,1771234055,1218167170257140454737733035,1218167308944959037938057939,0.000000001185933106347588200190,37399570022151998340292354,0.688183803349032841012444805529
24468482,1771234067,1218167308944959037938057939,1218167326280930839217512567,0.000000001185932592869439311055,37399569964817334019825193,0.688183802967870406064321286976
24468492,1771234187,1218167326280930839217512567,1218167499640662155380989611,0.000000001185932668734679354680,37399540765180616781144046,0.688183272467887241496953265596
24468493,1771234199,1218167499640662155380989611,1218167516976623108884633844,0.000000001185931667683585594621,37399559931308468483837680,0.688183625831045753251657970395
24468497,1771234247,1218167516976623108884633844,1218167586320504926625519425,0.000000001185932301435895346951,37399641062850987542809486,0.688185121484646500356063825166
24468498,1771234259,1218167586320504926625519425,1218167603656513605075550336,0.000000001185934850322922784471,37399641707209834048392461,0.688185134015838917420637699252
24468506,1771234355,1218167603656513605075550336,1218167742344594303785502701,0.000000001185934926650755727451,37400073371605067023494634,0.688193082764402941364778598654
24468510,1771234403,1218167742344594303785502701,1218167811689440939038908186,0.000000001185948580080993913309,37400074034125126425126357,0.688193097651576768392089888948
24468511,1771234415,1218167811689440939038908186,1218167829025653521748612517,0.000000001185948580080993913309,37399883482442533751013010,0.688189591851142368206240007567
24468517,1771234487,1218167829025653521748612517,1218167933042404235736216312,0.000000001185942575624802536784,37399884497444660451323852,0.688189614572361829658575516078
24468522,1771234547,1218167933042404235736216312,1218168019723038967851253740,0.000000001185942599679634750782,37399885317765790301683405,0.688189633037211367927454830351
24468538,1771234739,1218168019723038967851253740,1218168297101117642831357016,0.000000001185942719028609815268,37399887973410110063140786,0.688189692688137233389511493442
24468547,1771234847,1218168297101117642831357016,1218168453126325731886675742,0.000000001185942743186240520277,37398675552929919269795609,0.688167388157298054451871394122
24468549,1771234871,1218168453126325731886675742,1218168487797472912718839814,0.000000001185904235923018745780,37399788120962503166650166,0.688187861701871739228408841882
24468550,1771234883,1218168487797472912718839814,1218168505133562586783460435,0.000000001185939513259626210129,37399788286940360081198737,0.688187865430050504933490174153
24468553,1771234919,1218168505133562586783460435,1218168557141833320074570378,0.000000001185939531763343218283,37399789263243970255185930,0.688187885417408051758059173153
24468556,1771234955,1218168557141833320074570378,1218168609150107631448747707,0.000000001185939562602871703070,37402660201587432710849608,0.688240717581724115170516142825
24468558,1771234979,1218168609150107631448747707,1218168643824953297162278256,0.000000001186030588555079696069,37402928026770100298894022,0.688245647131993654177506414271
24468559,1771234991,1218168643824953297162278256,1218168661162500646359533435,0.000000001186039081761218078516,37402956000770827154725466,0.688246162551584550470806789235
24468562,1771235027,1218168661162500646359533435,1218168713175183075232760912,0.000000001186039982275449048479,37402957243712939176022795,0.688246187446057811065713849530
24468568,1771235099,1218168713175183075232760912,1218168817200558052284089921,0.000000001186040043954506018054,37402958239562631766947829,0.688246209815838727585912693030
24468570,1771235123,1218168817200558052284089921,1218168851875685941908180726,0.000000001186040043954506018054,37403132427489677241485335,0.688249416370129041276015868789
24468571,1771235135,1218168851875685941908180726,1218168869213330998982174045,0.000000001186045558062194920733,37403136764667921074405400,0.688249496852120112855288880382
24468576,1771235195,1218168869213330998982174045,1218168955901570037895987227,0.000000001186045728296392016137,37403137594541843374860512,0.688249515493637442631325029652
24468578,1771235219,1218168955901570037895987227,1218168990576868150124502722,0.000000001186045733847507221981,37402597512227427746541738,0.688239578409286956173218641197
24468582,1771235267,1218168990576868150124502722,1218169059926465948222676661,0.000000001186028622535140186756,37401294684398307186118990,0.688215606859006734374872849003
24468583,1771235279,1218169059926465948222676661,1218169077263262108776529043,0.000000001185987289857119314964,37401289877767825353925745,0.688215519082821636231983575271
24468588,1771235339,1218169077263262108776529043,1218169163947235472365580821,0.000000001185987164031843039129,37401917870281943914669357,0.688227078582549056662287512154
24468596,1771235435,1218169163947235472365580821,1218169302643934455092352296,0.000000001186007102712179466873,37401919198089176253546353,0.688227108408615895207560697600
24468597,1771235447,1218169302643934455092352296,1218169319981023553761027356,0.000000001186007088834391659058,37412199591550516026629636,0.688416285804111405255412137194
24468607,1771235567,1218169319981023553761027356,1218169493399581314104216835,0.000000001186333150234493862642,37412090999600382196592489,0.688414294273261062606650284579
24468614,1771235651,1218169493399581314104216835,1218169614792234082540583299,0.000000001186329682637913713241,37412092161365922391424155,0.688414320373711974276886849111
24468615,1771235663,1218169614792234082540583299,1218169632134043146916292816,0.000000001186329664134196498291,37412231400651320463059815,0.688416883169720605906150012743
24468617,1771235687,1218169632134043146916292816,1218169666817791100830536276,0.000000001186334095774436598238,37412287352256303805425102,0.688417914123605201304201273160
24468630,1771235843,1218169666817791100830536276,1218169892262514033813796036,0.000000001186335959668091353904,37412021717505396188828854,0.688413034761647724124600244977
24468632,1771235867,1218169892262514033813796036,1218169926946075003164974691,0.000000001186327443688147247978,37412446344755478897737366,0.688420849974891724265546599781
24468636,1771235915,1218169926946075003164974691,1218169996313987222763707076,0.000000001186340923646038042951,37412466156043914435142404,0.688421217234675197893523090897
24468638,1771235939,1218169996313987222763707076,1218170030997963180306874674,0.000000001186341534268701586787,37412469269459198010812579,0.688421275873628557562255991797
24468649,1771236071,1218170030997963180306874674,1218170221759864473825416402,0.000000001186341711736169829289,37412471095086952892431108,0.688421316888779943887755052856
24468653,1771236119,1218170221759864473825416402,1218170291127839371999326094,0.000000001186341710054013681240,37412312598287153049687291,0.688418402976142762561551080580
24468665,1771236275,1218170291127839371999326094,1218170516572829976563189797,0.000000001186336759598014108196,37409625921564046153210577,0.688368973955473140158289879764
24468680,1771236455,1218170516572829976563189797,1218170776683036591749237470,0.000000001186251583382455800054,37409753574680048075846463,0.688371333000215801511956215109
24468684,1771236503,1218170776683036591749237470,1218170846046004422821921286,0.000000001186255538243585760938,37409754238554761628546423,0.688371347914413567181668440753
24468686,1771236527,1218170846046004422821921286,1218170880727490434896719637,0.000000001186255538243585760938,37409754570492101867811699,0.688371355371512283483070859802
24468689,1771236563,1218170880727490434896719637,1218170932749721765952736319,0.000000001186255562915208507409,37409755068398128649879930,0.688371366557160691002081875922
24468692,1771236599,1218170932749721765952736319,1218170984771956011019737965,0.000000001186255575251019984042,37409830491789422522427325,0.688372756499422977505275866861
24468694,1771236623,1218170984771956011019737965,1218171019453516664787407538,0.000000001186257962230522928128,37409830814303373178833066,0.688372763783123176040135149378
24468711,1771236827,1218171019453516664787407538,1218171314246824629156579253,0.000000001186258097198812216558,37409832835686285644618384,0.688372812445623649679760092113
24468714,1771236863,1218171314246824629156579253,1218171366269183309836762868,0.000000001186258042413296905857,37407399615282026713444347,0.688328039065131958018639579677
24468719,1771236923,1218171366269183309836762868,1218171452967479960339661930,0.000000001186180901650383530577,37407400584198131915712697,0.688328060266299668334966099792
24468720,1771236935,1218171452967479960339661930,1218171470307140480014323194,0.000000001186180894248896727315,37407878258845471816507361,0.688336850968595315158893299667
24468721,1771236947,1218171470307140480014323194,1218171487647022665696363807,0.000000001186196048793182860702,37407878424816512172050800,0.688336854697086830690011538536
24468729,1771237043,1218171487647022665696363807,1218171626366089652212774236,0.000000001186196111243227995867,37407893436918482614795722,0.688337136340097077713551243505
24468734,1771237103,1218171626366089652212774236,1218171713065549333724216895,0.000000001186196563196517755341,37407915126314925905353729,0.688337538815906535560884549341
24468739,1771237175,1218171713065549333724216895,1218171817104969419529237582,0.000000001186197257702698678536,37407667442009653024824000,0.688332985048251022597298742767
24468743,1771237223,1218171817104969419529237582,1218171886464128504420361685,0.000000001186189387455035109762,37407542949355683601286640,0.688330696975118283553740639036
24468746,1771237259,1218171886464128504420361685,1218171938483327289305889064,0.000000001186185433827486420619,37408276023058511132791345,0.688344188795991573925903139752
24468756,1771237379,1218171938483327289305889064,1218172111884070674541499704,0.000000001186208734941611007328,37408277682758920807277936,0.688344226080942256373873533448
24468762,1771237451,1218172111884070674541499704,1218172215924533169380340053,0.000000001186208754678909287223,37408320398184246398296786,0.688345016128245723585621362872
24468764,1771237475,1218172215924533169380340053,1218172250604728909209070803,0.000000001186210074610727360778,37408330302176774143276361,0.688345199727341872097952091281
24468774,1771237595,1218172250604728909209070803,1218172424005768326596290448,0.000000001186210457637670773739,37408236241577150430239296,0.688343475595399101329974200780
24468779,1771237655,1218172424005768326596290448,1218172510706079288992234055,0.000000001186207432279928670187,37408237071427557578440551,0.688343494237866559970484559017
24468801,1771237919,1218172510706079288992234055,1218172892187529293781646567,0.000000001186207601841263347731,37408268611705176435605186,0.688344089621653720811877974484
24468807,1771237991,1218172892187529293781646567,1218172996228033203453785148,0.000000001186208467871294523459,37408270564723734637535286,0.688344129606705878998695880000
24468810,1771238027,1218172996228033203453785148,1218173048248291206344638677,0.000000001186208501794775877404,37408271062633872184688686,0.688344140792190528621574685531
24468812,1771238051,1218173048248291206344638677,1218173082928464904008043356,0.000000001186208511046634278084,37408271394573966705193176,0.688344148249180109999656451691
24468813,1771238063,1218173082928464904008043356,1218173100268552276947244522,0.000000001186208520298492885559,37408271560544010802753257,0.688344151977675067222151028545
24468814,1771238075,1218173100268552276947244522,1218173117608639973647079293,0.000000001186208520298492885559,37408272526530575401383422,0.688344170427840684745035559899
24468820,1771238147,1218173117608639973647079293,1218173221649174023842705582,0.000000001186208591229408255812,37408101226943990415378568,0.688341022268915025961177889258
24468823,1771238183,1218173221649174023842705582,1218173273669206170406732576,0.000000001186203135716823453549,37409537568386046995033955,0.688367455429050867365958765731
24468825,1771238207,1218173273669206170406732576,1218173308350560428274841408,0.000000001186248673364550093122,37409537893361068639292212,0.688367462758014192480970905308
24468835,1771238327,1218173308350560428274841408,1218173481757348034648992317,0.000000001186248749229790136747,37409497832116195617961382,0.688366732342600262661846954870
24468845,1771238447,1218173481757348034648992317,1218173655163974627001667776,0.000000001186247478024427023661,37409225587473853510098375,0.688361729320012494248715029244
24468847,1771238471,1218173655163974627001667776,1218173689845050516988580160,0.000000001186238783127772528549,37409245064433067302625968,0.688362089078190964031023213465
24468849,1771238495,1218173689845050516988580160,1218173724526145450896465118,0.000000001186239393750436072385,37409677231852745966785501,0.688370043046486190796429127658
24468855,1771238567,1218173724526145450896465118,1218173828570638128938518049,0.000000001186253132760365808697,37409670026752413729589640,0.688369914509328051366310319281
24468862,1771238651,1218173828570638128938518049,1218173949955867439367432691,0.000000001186252913359148879977,37409278219185449113658166,0.688362709301045039289590476983
24468869,1771238735,1218173949955867439367432691,1218174071339837525343526572,0.000000001186240489434825683854,37408992207255428370293265,0.688357450913210433540712074318
24468872,1771238771,1218174071339837525343526572,1218174123361144962403955326,0.000000001186231384724894425467,37408991733853431470679542,0.688357444225007664151405606390
24468873,1771238783,1218174123361144962403955326,1218174140701581048992743966,0.000000001186231353885365940680,37408991544375080287391400,0.688357441412683068726607871213
24468876,1771238819,1218174140701581048992743966,1218174192722890526292037404,0.000000001186231366221177417313,37408992217892747017952877,0.688357455829613718023551882652
24468877,1771238831,1218174192722890526292037404,1218174210063327824599698103,0.000000001186231372389083155629,37408973236201974013380063,0.688357107208430241129804016964
24468880,1771238867,1218174210063327824599698103,1218174262084614804419299968,0.000000001186230786438042358264,37408973558500767230541172,0.688357115162630539551003039378
24468883,1771238903,1218174262084614804419299968,1218174314105904453963885004,0.000000001186230792605948096580,37408712825154248089969390,0.688352319246127053453676580830
24468887,1771238951,1218174314105904453963885004,1218174383467144004533688469,0.000000001186222536864178778160,37408723559465508974170962,0.688352519473367285840481599735
24468890,1771238987,1218174383467144004533688469,1218174435488091186455298539,0.000000001186222866847133296549,37408662986370641903095546,0.688351406847923397158695024700
24468893,1771239023,1218174435488091186455298539,1218174487508956356320376022,0.000000001186220948628462948995,37408673056495644642411130,0.688351594178607695262428478600
24468895,1771239047,1218174487508956356320376022,1218174522189543706140817097,0.000000001186221260107700459230,37408909801418578204173745,0.688355951836828627854458773072
24468898,1771239095,1218174522189543706140817097,1218174591551160327672068935,0.000000001186228781868692294665,37408776133590332717487635,0.688353494817587896470456598763
24468903,1771239155,1218174591551160327672068935,1218174678252876858622850987,0.000000001186224551918968514178,37408776963438240946858321,0.688353513460158050740744783980
24468907,1771239203,1218174678252876858622850987,1218174747614256065064526687,0.000000001186224567647127919410,37408778628142428673043876,0.688353546791123149795055269351
24468929,1771239467,1218174747614256065064526687,1218175129101929271513701224,0.000000001186224774131789095373,37408780432324284910073761,0.688353594827747161666309239081
24468933,1771239515,1218175129101929271513701224,1218175198463340580578011778,0.000000001186224678669430381926,37408439911682622098326080,0.688347331655168814812384425750
24468937,1771239563,1218175198463340580578011778,1218175267824124463313589701,0.000000001186213881750515902279,37408009022953096540731367,0.688339405261913617195546066796
24468940,1771239599,1218175267824124463313589701,1218175319844115768433792896,0.000000001186200212129525205039,37408086096204404070034588,0.688340825564816349846353205066
24468941,1771239611,1218175319844115768433792896,1218175337184149090096178318,0.000000001186202636116462372229,37408084676157020636041182,0.688340800107863692858245485695
24468944,1771239647,1218175337184149090096178318,1218175389204248561302702574,0.000000001186202611444839625758,37408085078348332066603972,0.688340809531928998765692995221
24468949,1771239707,1218175389204248561302702574,1218175475904420215310126443,0.000000001186202639817205773860,37408085908199434289509533,0.688340828174371699432754212467
24468958,1771239815,1218175475904420215310126443,1218175631964748204533746950,0.000000001186202697795519341803,37408087401931387430281389,0.688340861730770470217066758778
24468966,1771239911,1218175631964748204533746950,1218175770685062073852064261,0.000000001186202737886906227270,37408090931236109806368557,0.688340932070845124002289594500
24468977,1771240043,1218175770685062073852064261,1218175961425537433050106798,0.000000001186202874982628364160,37408188476508541042504691,0.688342734488972540773943364911
24469005,1771240379,1218175961425537433050106798,1218176446948148249990695538,0.000000001186206111511037731134,37408193123671798867468932,0.688342838886786601015899123013
24469015,1771240499,1218176446948148249990695538,1218176620349149123101999058,0.000000001186206107413786130056,37408204358274369406963320,0.688343052366330310221087529499
24469020,1771240559,1218176620349149123101999058,1218176707049684853978411092,0.000000001186206421976976302654,37408205188124911033872052,0.688343071008796325571665875032
24469021,1771240571,1218176707049684853978411092,1218176724389793125302651643,0.000000001186206410874746097761,37408205354095014262061453,0.688343074737289617459623514151
24469022,1771240583,1218176724389793125302651643,1218176741729901720387642723,0.000000001186206410874746097761,37405051777600013001133630,0.688285044192593953304992737685
24469028,1771240655,1218176741729901720387642723,1218176845761787666355827094,0.000000001186106463046954218044,37405052773438134958034450,0.688285066562851821636570548435
24469029,1771240667,1218176845761787666355827094,1218176863100436649375847738,0.000000001186106453795095610569,37405052939411140084598754,0.688285070291228096017732696055
24469038,1771240775,1218176863100436649375847738,1218177019148289294330170360,0.000000001186106523698026897898,37405073602346912085089870,0.688285456592406807985184968857
24469039,1771240787,1218177019148289294330170360,1218177036486950400192526289,0.000000001186107119928910385663,37405073758749541248788899,0.688285460144672511795249647548
24469043,1771240835,1218177036486950400192526289,1218177105841597581497161322,0.000000001186107143058556800952,37404713922249953040432737,0.688278841232111693315687261929
24469044,1771240847,1218177105841597581497161322,1218177123180093195998718794,0.000000001186095703135473961500,37404714183925319890244814,0.688278846721557036048011468665
24469061,1771241051,1218177123180093195998718794,1218177417934558462118907815,0.000000001186095848988302678656,37404730910653398908075722,0.688279165971028894510652662575
24469062,1771241063,1218177417934558462118907815,1218177435273066393453700079,0.000000001186096239743269059129,37404731076626697359668661,0.688279169699393400527753783535
24469064,1771241087,1218177435273066393453700079,1218177469950083150338109320,0.000000001186096258246986274078,37404769072901169014873561,0.688279870244440261650709089736
24469065,1771241099,1218177469950083150338109320,1218177487288609511664460130,0.000000001186097460988596146801,37404755583972992517181576,0.688279622710893823622768650239
24469071,1771241171,1218177487288609511664460130,1218177591319735346272212494,0.000000001186097069326584658838,37404751797486712407257090,0.688279557078070536313418870122
24469072,1771241183,1218177591319735346272212494,1218177608658255427264002355,0.000000001186096905877083834223,37404858028763836831433992,0.688281512590214528124477055826
24469075,1771241219,1218177608658255427264002355,1218177660673964877607819086,0.000000001186100292057308940950,37404839810984008616627102,0.688281179374302332085733269196
24469083,1771241315,1218177660673964877607819086,1218177799382466713265313028,0.000000001186099757762478340093,37404855043992947041964415,0.688281465069304432269348126283
24469084,1771241327,1218177799382466713265313028,1218177816721037614324998420,0.000000001186100181035006478434,37404855158542645529973884,0.688281467851392658729992035660
24469085,1771241339,1218177816721037614324998420,1218177834059608815266205667,0.000000001186100181035006478434,37404855370643034779321018,0.688281472428581064804120615008
24469088,1771241375,1218177834059608815266205667,1218177886075324193739957780,0.000000001186100205706629224905,37404855706266257431632374,0.688281480627156327933846569067
24469089,1771241387,1218177886075324193739957780,1218177903413896635705466315,0.000000001186100199538723693384,37404855923662948116652980,0.688281485301805884269299440348
24469093,1771241435,1218177903413896635705466315,1218177972768189274488193642,0.000000001186100236546157709692,37404946060130781264343014,0.688283146664420364402303675888
24469095,1771241459,1218177972768189274488193642,1218178007445420637946005519,0.000000001186103076866729111316,37404946392077012071792507,0.688283154121165363648060520063
24469097,1771241483,1218178007445420637946005519,1218178042122653296281744840,0.000000001186103086118587718791,37405847990113301209152870,0.688299746599547956904530110478
24469099,1771241507,1218178042122653296281744840,1218178076800722791803131577,0.000000001186131674361471816572,37413496396171804424957933,0.688440485192472695352705613914
24469100,1771241519,1218178076800722791803131577,1218178094143303237275972708,0.000000001186374202581201182018,37413495122908538638990379,0.688440462438121403287993871345
24469104,1771241567,1218178094143303237275972708,1218178163513625127317954202,0.000000001186374179451554766729,37413495608745799105697192,0.688440474076939756820081584010
24469106,1771241591,1218178163513625127317954202,1218178198198788004131977904,0.000000001186374184077483967069,37413484674135000512822447,0.688440274210593283754633375793
24469110,1771241639,1218178198198788004131977904,1218178267569096446092735330,0.000000001186373851010576579522,37413485184832418083134032,0.688440286306878812538911915908
24469112,1771241663,1218178267569096446092735330,1218178302254252621912747872,0.000000001186373851010576579522,37413678878931552922422346,0.688443851960594099814727542253
24469114,1771241687,1218178302254252621912747872,1218178336939589354542619062,0.000000001186379994244646240986,37413679373201337117661335,0.688443862405316298058721713460
24469118,1771241735,1218178336939589354542619062,1218178406310266699053350285,0.000000001186380022000221856615,37413680046629375822572050,0.688443877496167644380875572097
24469120,1771241759,1218178406310266699053350285,1218178440995607477027715375,0.000000001186380031252080464090,37417365376884542299409342,0.688511692090877480687538536586
24469121,1771241771,1218178440995607477027715375,1218178458339986527814136934,0.000000001186496882225422261816,37417308108043768331260097,0.688510638920584061573038070492
24469124,1771241807,1218178458339986527814136934,1218178510373045522971133451,0.000000001186495081196960115095,37417298807983740921612301,0.688510469808038538808148132375
24469127,1771241843,1218178510373045522971133451,1218178562406093807857910019,0.000000001186494785137486743856,37417299143948015990310053,0.688510478014909388377873256104
24469132,1771241903,1218178562406093807857910019,1218178649127846666952704290,0.000000001186494813509852891958,37417162447101647082477114,0.688507966050348030329075754707
24469144,1771242047,1218178649127846666952704290,1218178857259318346641791644,0.000000001186490538534417552632,37417165829205789382790851,0.688508036383802979329971094558
24469156,1771242203,1218178857259318346641791644,1218179082735139842260069137,0.000000001186490655012944369842,37416718998459347618990185,0.688499822702107078242761417641
24469158,1771242227,1218179082735139842260069137,1218179117423317222367054006,0.000000001186476389358759320203,37416719330383756357655354,0.688499830159725045852781022404
24469159,1771242239,1218179117423317222367054006,1218179134767406436690613977,0.000000001186476398610617927677,37416719496345950605143111,0.688499833888534085168942056043
24469169,1771242359,1218179134767406436690613977,1218179308208312930938157356,0.000000001186476476326229568720,37416721634640884553248216,0.688499879985030927009859169630
24469183,1771242527,1218179308208312930938157356,1218179551025637385402931625,0.000000001186476578361012223392,37416724120027981244459388,0.688499935167901533361600741046
24469194,1771242659,1218179551025637385402931625,1218179741810724655298061940,0.000000001186476630748159327413,37416725993479525495524760,0.688499977065647361662570347107
24469196,1771242683,1218179741810724655298061940,1218179776498927287793497110,0.000000001186476611403364245234,37417810950652923385496009,0.688519942561835684990967365593
24469197,1771242695,1218179776498927287793497110,1218179793843531894126853089,0.000000001186511019065269017612,37417810954824765628635023,0.688519943313482318814067184576
24469202,1771242755,1218179793843531894126853089,1218179880566558639784336235,0.000000001186511044970473035823,37417811775057023454823211,0.688519961781557499058692428662
24469209,1771242839,1218179880566558639784336235,1218180001978809117272488779,0.000000001186511087793361057607,37417503004802008512648315,0.688514284601081216763418524351
24469222,1771242995,1218180001978809117272488779,1218180227456874313993181335,0.000000001186501347314689253164,37417505171928685012122053,0.688514333253143928637030057871
24469225,1771243031,1218180227456874313993181335,1218180279490282915236351811,0.000000001186501329285426293963,37417507060346398611641168,0.688514370026669042523792541033
24469229,1771243079,1218180279490282915236351811,1218180348868168008959564113,0.000000001186501397132389001854,37417507885978950709729093,0.688514387919175741004096380493
24469233,1771243127,1218180348868168008959564113,1218180418246058584748205458,0.000000001186501424887964617483,37417553364711436589579372,0.688515227918227501469061735406
24469240,1771243211,1218180418246058584748205458,1218180539657524168157060602,0.000000001186502893290084042709,37417554526441474389762661,0.688515254020109490618040126719
24469244,1771243259,1218180539657524168157060602,1218180609035512088495907010,0.000000001186502905185330853290,37417555028691656828093464,0.688515265961833655694590561325
24469245,1771243271,1218180609035512088495907010,1218180626380009918772064068,0.000000001186502895933472245815,37417555657811658051752527,0.688515278213590042888370135188
24469253,1771243367,1218180626380009918772064068,1218180765136003784211644151,0.000000001186502974574269892362,37436713978091851400911134,0.688867829749542637252091026312
24469257,1771243415,1218180765136003784211644151,1218180834549529168255472486,0.000000001187110446979981354578,37436336845655643939081316,0.688860892565632876305414811213
24469260,1771243451,1218180834549529168255472486,1218180886609151354989319334,0.000000001187098481242938149358,37436337347682407717005962,0.688860903831433502020331616222
24469262,1771243475,1218180886609151354989319334,1218180921315567847561310192,0.000000001187098484326891018516,37436389891059278440863237,0.688861872071994563171415393299
24469273,1771243607,1218180921315567847561310192,1218181112201144146564401725,0.000000001187100229563842507039,37436430049409868040976454,0.688862618489677780431179598963
24469277,1771243655,1218181112201144146564401725,1218181181614162858464316779,0.000000001187101444921623283335,37436708960283550742931975,0.688867753394574289238505571120
24469278,1771243667,1218181181614162858464316779,1218181198967547440584003762,0.000000001187110261942810445855,37437275748050205204068917,0.688878183943727795401912317175
24469299,1771243919,1218181198967547440584003762,1218181563394198067137143631,0.000000001187128404396840000433,37437162662181954788012260,0.688876117163039647373068419256
24469308,1771244027,1218181563394198067137143631,1218181719576609931427651616,0.000000001187124717457784946717,37437231862870050368250018,0.688877396658554630448634270579
24469317,1771244135,1218181719576609931427651616,1218181875759330515070080347,0.000000001187126911176242664325,37437233420221435154757084,0.688877431399873785267118364573
24469319,1771244159,1218181875759330515070080347,1218181910466605918995062675,0.000000001187126896784462815049,37437122408800506303396203,0.688875390045975088959551158041
24469321,1771244183,1218181910466605918995062675,1218181945173779395397750915,0.000000001187123381078218237651,37437785495692968965875303,0.688887593342259907380764616391
24469323,1771244207,1218181945173779395397750915,1218181979881568594662093561,0.000000001187144410552676276893,37438858728416593126963057,0.688907344030640800269793544430
24469325,1771244231,1218181979881568594662093561,1218182014590353754492778537,0.000000001187178438888381037941,37439011118476270590823118,0.688910149623090273252046245034
24469327,1771244255,1218182014590353754492778537,1218182049299281180908329164,0.000000001187183268358538157372,37439032451946123563694976,0.688910543547850529044751510810
24469334,1771244339,1218182049299281180908329164,1218182170780604183632476779,0.000000001187183991325198161879,37437437009564654768120927,0.688881189382960612554995805112
24469335,1771244351,1218182170780604183632476779,1218182188134340336453368383,0.000000001187133354581722649111,37437506738784628997535386,0.688882473136943396241349546472
24469336,1771244363,1218182188134340336453368383,1218182205488109058747008806,0.000000001187135556524054891270,37437506449482243571014166,0.688882468489223409591204472235
24469342,1771244435,1218182205488109058747008806,1218182309610725779411680859,0.000000001187135593531489114373,37437489057288144802303357,0.688882152498453859124083464849
24469343,1771244447,1218182309610725779411680859,1218182326964488036137018270,0.000000001187135001412542578692,37437728817873415685324393,0.688886565183592480821062054019
24469345,1771244471,1218182326964488036137018270,1218182361672235568338027667,0.000000001187142606440261261014,37437701324286128460850408,0.688886060630023000506128028064
24469346,1771244483,1218182361672235568338027667,1218182379026096960896245354,0.000000001187141736765558569043,37437711102922764540153220,0.688886241249794806229544974485
24469349,1771244519,1218182379026096960896245354,1218182431087696220238399481,0.000000001187142057496654686752,37437711610238233042670283,0.688886252613141292222564970871
24469351,1771244543,1218182431087696220238399481,1218182465795430766211882146,0.000000001187142060580607555910,37437711942123180166133714,0.688886260072308354018844056554
24469352,1771244555,1218182465795430766211882146,1218182483149298563867594442,0.000000001187142069832465956590,37437712108065657963397298,0.688886263801891773894681136881
24469359,1771244639,1218182483149298563867594442,1218182604626380608010559955,0.000000001187142122700229191536,37438266217177593378100513,0.688896465099346211324871092074
24469362,1771244675,1218182604626380608010559955,1218182656688761461549217938,0.000000001187159660699500733800,37438266848786888841976104,0.688896478750004259694605934783
24469363,1771244687,1218182656688761461549217938,1218182674042889199955698092,0.000000001187159666867406265321,37438364405328259546655274,0.688898274550841960284230935940
24469368,1771244747,1218182674042889199955698092,1218182760813757707099112751,0.000000001187162790294849029078,37438365235133414636941676,0.688898293200643774270020003314
24469380,1771244891,1218182760813757707099112751,1218182969063871957146774707,0.000000001187162875720342739619,37438603786793010473250096,0.688902691015561563503410980047
24469386,1771244963,1218182969063871957146774707,1218183073189605901809903010,0.000000001187170389771452505556,37438595232650536716935487,0.688902537660560310150970053655
24469388,1771244987,1218183073189605901809903010,1218183107898177930829724873,0.000000001187170084460120733638,37438600356658973155095589,0.688902633303186129332118525781
24469391,1771245023,1218183107898177930829724873,1218183159961044954132338652,0.000000001187170257161480165728,37438605646610193857929779,0.688902732675450657495730411028
24469392,1771245035,1218183159961044954132338652,1218183177315336908463872993,0.000000001187170399023311113031,37438615019100493562322320,0.688902905821492717031162555941
24469396,1771245083,1218183177315336908463872993,1218183246732524576188685940,0.000000001187170727464289093443,37438629595870773732785048,0.688903176751267443123083467071
24469406,1771245203,1218183246732524576188685940,1218183420275578620790003074,0.000000001187171240942437982578,37438631263656410059794102,0.688903214201503577562846203364
24469414,1771245299,1218183420275578620790003074,1218183559110045841743844169,0.000000001187171277949872205681,37438613522516117715960630,0.688902893141848826630280200334
24469415,1771245311,1218183559110045841743844169,1218183576464347133168754132,0.000000001187170658075350054371,37438615775406862789462672,0.688902935273135730298577072972
24469417,1771245335,1218183576464347133168754132,1218183611172952546319992236,0.000000001187170732090218500578,37438650889774641978713462,0.688903582760192145784117201401
24469419,1771245359,1218183611172952546319992236,1218183645881591502234338980,0.000000001187171851565101526414,37438650263146042230895316,0.688903572581152312537255966163
24469424,1771245419,1218183645881591502234338980,1218183732653191766219934612,0.000000001187171853415473330627,37437564353273044826476787,0.688883594280149669231150255655
24469427,1771245455,1218183732653191766219934612,1218183784714644802568365192,0.000000001187137400727856999411,37438532675878040491002082,0.688901415120666826830131412862
24469432,1771245515,1218183784714644802568365192,1218183871485982423496389969,0.000000001187168126766854033091,37438533505586557200055321,0.688901433768737136986715086096
24469433,1771245527,1218183871485982423496389969,1218183888840251073972906338,0.000000001187168123066110631460,37438533671528257141076587,0.688901437498350865951124433195
24469438,1771245587,1218183888840251073972906338,1218183975611598419397108557,0.000000001187168156372801246138,37438534501236752206889987,0.688901456146421620196917956491
24469439,1771245599,1218183975611598419397108557,1218183992965869014772986101,0.000000001187168141569827639614,37438572985953172573691540,0.688902165360603335741984665219
24469440,1771245611,1218183992965869014772986101,1218184010320157696596598826,0.000000001187169362815154727286,37438573151894833982242651,0.688902169090218841063233412569
24469444,1771245659,1218184010320157696596598826,1218184079737315203871313632,0.000000001187169399822588950390,37438607207734344451509107,0.688902798451742515162266045081
24469449,1771245719,1218184079737315203871313632,1218184166508846581921730552,0.000000001187170487841152958966,37438622633658370560356596,0.688903085682841531678377577919
24469455,1771245791,1218184166508846581921730552,1218184270634735297417758104,0.000000001187170988058304572759,37438720252474419647914734,0.688904886094221291514827498759
24469462,1771245875,1218184270634735297417758104,1218184392115266799728855838,0.000000001187174091836561989832,37438629190445562925039626,0.688903215127154466834724644286
24469466,1771245923,1218184392115266799728855838,1218184461532549967819816083,0.000000001187171176179428350640,37438629854212012257389667,0.688903230045625480926219097455
24469467,1771245935,1218184461532549967819816083,1218184478886871685601674022,0.000000001187171176179428350640,37438643933515802021300041,0.688903489793163403831499635999
24469468,1771245947,1218184478886871685601674022,1218184496241200176941989476,0.000000001187171620268638200703,37438631976272656135585037,0.688903270445677007316476192500
24469469,1771245959,1218184496241200176941989476,1218184513595523372846271485,0.000000001187171231690579581898,37438057076884736026505292,0.688892691976560445077382155432
24469478,1771246067,1218184513595523372846271485,1218184669782044858552313515,0.000000001187153077488158381150,37438109506619196317106264,0.688893662814172524910816264310
24469484,1771246139,1218184669782044858552313515,1218184773906549460600749744,0.000000001187154714039135413537,37438110598287939882789767,0.688893686958627626815143685235
24469485,1771246151,1218184773906549460600749744,1218184791260634932258235299,0.000000001187154707871229675220,37438110764230019707407815,0.688893690688226256746418130206
24469486,1771246163,1218184791260634932258235299,1218184808614720728060430368,0.000000001187154707871229675220,37438110930172119772480467,0.688893694417824664633087650145
24469488,1771246187,1218184808614720728060430368,1218184843322893215178094548,0.000000001187154726374946683374,37437848148554528707855254,0.688888860132400138169828096579
24469489,1771246199,1218184843322893215178094548,1218184860676858019607590429,0.000000001187146381198544986546,37437848324112723145987420,0.688888864038937343003965452226
24469492,1771246235,1218184860676858019607590429,1218184912738754160353342476,0.000000001187146405870167733017,37437829668132336482833217,0.688888522764435684564432449406
